"","0%","1%","2%","3%","4%","5%","6%","7%","8%","9%","10%","11%","12%","13%","14%","15%","16%","17%","18%","19%","20%","21%","22%","23%","24%","25%","26%","27%","28%","29%","30%","31%","32%","33%","34%","35%","36%","37%","38%","39%","40%","41%","42%","43%","44%","45%","46%","47%","48%","49%","50%","51%","52%","53%","54%","55%","56%","57%","58%","59%","60%","61%","62%","63%","64%","65%","66%","67%","68%","69%","70%","71%","72%","73%","74%","75%","76%","77%","78%","79%","80%","81%","82%","83%","84%","85%","86%","87%","88%","89%","90%","91%","92%","93%","94%","95%","96%","97%","98%","99%","100%"
"26189680_AvivRegev_Cell_2015_BMDCs_TNF_Sorting_DC.txt",-4.072,-1.914053,-1.674312,-1.511203,-1.39032,-1.28293,-1.2167,-1.147171,-1.073548,-1.015808,-0.970533,-0.9297443,-0.8845244,-0.8471861,-0.8096672,-0.7740525,-0.738794,-0.7295221,-0.7010408,-0.6674519,-0.642748,-0.6163812,-0.5879566,-0.5635892,-0.539836,-0.51543,-0.4886322,-0.4654431,-0.4439596,-0.4206244,-0.396887,-0.374963,-0.358474,-0.3365682,-0.3157322,-0.2977665,-0.2786748,-0.2584281,-0.2373796,-0.219754,-0.202044,-0.1861519,-0.1672926,-0.1513532,-0.1305328,-0.113537,-0.096834,-0.08110692,-0.06401888,-0.05098885,-0.035585,-0.01845606,-0.00296016399999995,0.01601701,0.0331418600000001,0.05042585,0.0662097600000002,0.0815662500000001,0.09876668,0.1151473,0.132734,0.150077,0.1664712,0.1851471,0.20150458,0.2193985,0.2388146,0.2567639,0.277110400000001,0.2968902,0.314191,0.3299937,0.3496052,0.3682913,0.3897458,0.4114475,0.4314092,0.4512957,0.4739966,0.4996942,0.524262,0.5482007,0.5735824,0.6021603,0.6297492,0.655634,0.6910698,0.7231867,0.7611192,0.7982247,0.841544,0.8906363,0.9365072,0.990709300000001,1.062916,1.1315,1.213184,1.313259,1.474454,1.756683,3.467
"28723893_WNicholasHaining_Nature_2017_B16F10_GVAX_Invivo_SKCM.txt",-2.81755,-1.1776505,-0.9289975,-0.78068635,-0.6424224,-0.59261375,-0.5437752,-0.49454065,-0.4560296,-0.4181713,-0.3803749,-0.3629926,-0.3384804,-0.314689315,-0.2976844,-0.28137575,-0.2649494,-0.25291912,-0.23980948,-0.22844559,-0.2211344,-0.20942915,-0.2004202,-0.188939015,-0.182189,-0.1763679125,-0.16487581,-0.1556497,-0.143383348,-0.135194965,-0.12591245,-0.11569944675,-0.10599252,-0.098002365,-0.08891322,-0.083129725,-0.0780414800000001,-0.07171864,-0.0641597699999999,-0.0584463115,-0.0526844,-0.046830802,-0.04190904,-0.03580313,-0.0315124154,-0.02421004,-0.019511276,-0.00886827299999999,-0.00380779999999999,0.00421455,0.0104475,0.01645212,0.02128164,0.0271319855,0.03355722,0.039420145,0.04388994,0.048501406,0.05375652,0.05870731,0.0641151,0.0713389395,0.0771885,0.082370195,0.08745886,0.091931775,0.09683014,0.10243119,0.10772304,0.115931925,0.1227959,0.127683155,0.13529752,0.143734653,0.150173812,0.15778375,0.16704448,0.17661041,0.182986,0.18892446,0.195318,0.2039647,0.2153135,0.221372355,0.23476268,0.246801825,0.25753922,0.269934,0.281967,0.29879895,0.3161365,0.32782895,0.3500274,0.3711494,0.400539,0.42585075,0.4574806,0.514486649999999,0.5813526,0.69021165,2.2388
"28723893_WNicholasHaining_Nature_2017_B16F10_GVAX+aPD1_Invivo_SKCM.txt",-3.6375,-1.45939145,-0.9184501,-0.74261296,-0.673078,-0.61098875,-0.5520959,-0.5148945,-0.4734492,-0.4444647,-0.415977,-0.39554755,-0.3713822,-0.34617336,-0.324757,-0.30372135,-0.29132288,-0.27598765,-0.26128093,-0.24844781,-0.237894,-0.22563955,-0.21482033,-0.20827885,-0.19705164,-0.188161,-0.17716583,-0.16938753,-0.15950944,-0.151027205,-0.1415125,-0.1339779345,-0.12857718,-0.119596035,-0.11154606,-0.10328685,-0.0957455800000001,-0.0839330915,-0.0767020692,-0.0676583375,-0.0591983999999999,-0.0519385999999999,-0.045822404,-0.038653725,-0.0323454,-0.025756925,-0.0194043,-0.01485957,-0.009481084,-0.00422781500000012,0.002115,0.00809789900000003,0.01442036,0.02201518,0.0284846,0.03543,0.04278934,0.049763815,0.05494093,0.0606344399999999,0.0659222,0.07220797,0.0779698117,0.0871647,0.0939038,0.100929875,0.1094241,0.11389177,0.12216138,0.133008352,0.1416282,0.15097192,0.16044256,0.1674447,0.17480305,0.18313075,0.19252552,0.20214908,0.2134757,0.22147015,0.2299576,0.24482414,0.2583093,0.27049575,0.279227,0.29015675,0.2991171,0.31427835,0.327803,0.34020195,0.355239,0.3742419,0.3963706,0.420840050000001,0.4512486,0.47652375,0.5203424,0.5829399,0.702282,0.898271350000001,2.8208
"28723893_WNicholasHaining_Nature_2017_B16F10_koTCRa_Invivo_SKCM.txt",-3.30975,-1.0389883,-0.7836152,-0.6857443,-0.608392,-0.5414415,-0.5016138,-0.4654959,-0.436788,-0.4209684,-0.4051425,-0.3831538,-0.36735424,-0.3502898,-0.33616311,-0.3237345,-0.31092128,-0.2963383,-0.28411896,-0.2690528,-0.25924,-0.24650215,-0.23403528,-0.2240145,-0.20830684,-0.198391875,-0.19022343,-0.1812732,-0.17529,-0.16618932,-0.15814385,-0.15119915,-0.140907,-0.1319738935,-0.12199008,-0.11350506,-0.1055985,-0.09799135,-0.089841902,-0.082106525,-0.0744406,-0.0693172525,-0.06212697,-0.05386398,-0.04444089622,-0.0362785,-0.0303193,-0.0235653499999999,-0.0172686,-0.0107302150000001,-0.004112,0.00304325100000003,0.01005672,0.0165042500000001,0.0242091,0.030684575,0.03785968,0.0480145,0.0559492799999999,0.063288,0.0728133,0.07928956,0.08303743,0.09144185,0.099764636,0.1102889775,0.11606083,0.12323423,0.13025428,0.13890125,0.1456265,0.1553266,0.1654136,0.17557361,0.18387105,0.192293125,0.2008974,0.21092309,0.219509,0.22797415,0.239461,0.2520612,0.2646212,0.27808913,0.289201,0.303386025,0.3134345,0.332292585,0.3491918,0.364657074,0.3868595,0.419506275,0.4413374,0.46514355,0.5217005,0.58011825,0.636077,0.692748315,0.7874557,1.06372192,3.94275
"28783722_NicholasPRestifo_Nature_2017_Mel624_EffectT_Coculture-T_SKCM.txt",-1.6546,-0.4021412,-0.3138124,-0.2718686,-0.243638,-0.223834,-0.2092788,-0.197769,-0.1867312,-0.1785028,-0.169768,-0.1615442,-0.1551688,-0.1486262,-0.1422536,-0.135835,-0.1299168,-0.1241116,-0.1193064,-0.1144118,-0.109836,-0.1050508,-0.10125,-0.09693202,-0.09257104,-0.088782,-0.08471124,-0.08075786,-0.07692332,-0.07292766,-0.069477,-0.0659847,-0.06236056,-0.05886694,-0.05554412,-0.0520875,-0.04900084,-0.04550152,-0.04216752,-0.03926186,-0.0360484,-0.03344368,-0.03045736,-0.02746056,-0.02434168,-0.0211631,-0.01804524,-0.01489782,-0.01168092,-0.008419408,-0.0056579,-0.00238396999999999,0.000442926000000012,0.003441238,0.00667452000000007,0.0100402,0.01333532,0.016718,0.02013256,0.02359404,0.0268426,0.0304745800000001,0.03406848,0.03693418,0.04052952,0.044252,0.04768144,0.05103272,0.05441424,0.05831546,0.062092,0.06630214,0.07012556,0.07415856,0.078286,0.082842,0.08745728,0.09256328,0.09705416,0.10269,0.107698,0.11267,0.1184864,0.1248216,0.1313188,0.13816,0.144978,0.1522162,0.1608376,0.17047,0.178982,0.1896364,0.2016976,0.2146944,0.2315888,0.25319,0.2764488,0.3096364,0.3622876,0.452662000000002,1.9616
"29301958_KaiWWucherpfennig_Science_2018_B16F10_OT-I.OVA_Coculture-T_SKCM.txt",-3.7029,-2.282332,-1.950672,-1.741421,-1.573492,-1.43739,-1.314503,-1.208128,-1.135208,-1.046045,-0.971289,-0.9082641,-0.8528096,-0.7982172,-0.7495524,-0.71273575,-0.6745196,-0.6404628,-0.6046776,-0.5693085,-0.542898,-0.5086883,-0.486279,-0.4603561,-0.4376132,-0.4143575,-0.3918116,-0.3707008,-0.3500584,-0.3334957,-0.318652,-0.2997713,-0.2825284,-0.2669433,-0.2481402,-0.234097,-0.2171416,-0.2022611,-0.1869738,-0.1721939,-0.158618,-0.1468741,-0.132153,-0.118166,-0.1063104,-0.09416425,-0.08139362,-0.0697314299999999,-0.05765984,-0.04520491,-0.0333475,-0.02129257,-0.00945124400000002,0.00139630200000018,0.01386154,0.0249173500000001,0.03624688,0.04742677,0.05728356,0.06867335,0.080114,0.09159425,0.1042252,0.1163974,0.1276444,0.141981,0.1553034,0.1659532,0.1787064,0.1908386,0.201842,0.2129503,0.2250356,0.237507,0.2496352,0.261945,0.2764416,0.2886569,0.3024622,0.3147952,0.327762,0.3426133,0.3575462,0.37298,0.3886936,0.404677,0.4242218,0.4399513,0.4573724,0.4784905,0.50248,0.5251914,0.5528832,0.5857763,0.617743,0.656446,0.70071,0.749714299999999,0.8249204,0.9493106,5.6371
"29301958_KaiWWucherpfennig_Science_2018_B16F10_Pmel-1.IFNg_Coculture-T_SKCM.txt",-2.4269,-0.33636,-0.24438,-0.20668,-0.18778,-0.172225,-0.16068,-0.15011,-0.14131,-0.133985,-0.12735,-0.12101,-0.11558,-0.110285,-0.10564,-0.10127,-0.097066,-0.0935585,-0.089275,-0.085501,-0.081495,-0.0778405,-0.074551,-0.0715145,-0.067932,-0.0644965,-0.061526,-0.058494,-0.055656,-0.0528775,-0.049867,-0.047099,-0.0440575,-0.041009,-0.038081,-0.0352585,-0.032675,-0.03019,-0.027503,-0.02503,-0.022622,-0.020165,-0.017586,-0.0151285,-0.012652,-0.0101945,-0.0077183,-0.00521329999999996,-0.0027442,-0.000178995,0.0020879,0.00452975,0.0070657,0.0095687,0.011716,0.013816,0.016156,0.0191635,0.021522,0.0241665,0.026892,0.0291445,0.031593,0.034077,0.036841,0.0398585,0.042767,0.04536,0.047804,0.050562,0.0536090000000001,0.0562295,0.05916,0.061886,0.065281,0.0680375,0.071182,0.0747525,0.0779,0.08111,0.084631,0.088433,0.09215,0.096471,0.10097,0.105915,0.11105,0.11594,0.12118,0.12799,0.13468,0.140475,0.14904,0.15923,0.16935,0.18173,0.19819,0.220245,0.25954,0.34602,0.96507
"29301958_KaiWWucherpfennig_Science_2018_B16F10_Pmel-1.IFNg-_Coculture-T_SKCM.txt",-3.726,-2.46935,-2.16635,-1.9662,-1.82388,-1.687425,-1.57442,-1.476395,-1.3848,-1.31005225,-1.23645,-1.17047,-1.1182,-1.06616,-1.01385,-0.960905,-0.912628,-0.863895,-0.822223,-0.7791585,-0.74187,-0.70578,-0.672877,-0.643247,-0.603842,-0.57604,-0.550315,-0.522983,-0.49662,-0.4694265,-0.443775,-0.418816,-0.39837,-0.3748455,-0.350009,-0.326185,-0.305368,-0.2824335,-0.264707,-0.2440965,-0.22476,-0.2068695,-0.189747,-0.172695,-0.156404,-0.1385675,-0.121771,-0.105056,-0.0897382000000001,-0.0731225,-0.05589,-0.0393374500000001,-0.0208006,-0.00414595000000005,0.0134011000000001,0.028324,0.0447688,0.0603818,0.0773575,0.0937309,0.11225,0.128209,0.144147,0.1606375,0.17827,0.1959,0.212136,0.2301475,0.245914,0.260108,0.277935,0.296897,0.312894,0.3322695,0.350677,0.368475,0.386768,0.405112,0.4276275,0.4445155,0.46263,0.47987,0.498915,0.520942,0.540802,0.5617525,0.584813,0.6109785,0.636676,0.665448,0.698545,0.730103,0.766612,0.804237,0.844422,0.898060000000002,0.967496,1.045325,1.16306,1.389475,10.744
"29776993_JaneOliaro_SciImmunol_2018_B16F10_koPRF1.OT-I_Coculture-T_SKCM.txt",-7.524,-5.43,-4.843316,-4.452718,-4.110204,-3.77856,-3.51956,-3.284555,-3.085648,-2.907054,-2.75553,-2.606077,-2.447932,-2.312467,-2.172442,-2.049395,-1.92582,-1.8016,-1.699578,-1.592849,-1.4898,-1.412978,-1.317296,-1.2397515,-1.16006,-1.095925,-1.027378,-0.9691778,-0.9131652,-0.8714981,-0.818629,-0.7674086,-0.7182184,-0.6744413,-0.6238754,-0.5841695,-0.5423396,-0.5061744,-0.4737844,-0.4366138,-0.399018,-0.3645646,-0.3339426,-0.2994979,-0.2666,-0.236861,-0.2075622,-0.17778,-0.1506088,-0.1230461,-0.0954785,-0.0642268000000003,-0.0375581199999999,-0.00857799900000001,0.0143600400000002,0.0452515000000001,0.0726657600000001,0.1013028,0.1258908,0.1498346,0.175672,0.2073511,0.2358698,0.2595515,0.287094,0.320183,0.3422508,0.3673894,0.391008,0.4177848,0.442858,0.4680903,0.494844,0.5200755,0.545286,0.5733075,0.6038916,0.6329695,0.6643454,0.6957852,0.7262,0.7561489,0.7917382,0.824973800000001,0.8609264,0.8995,0.9393258,0.9726401,1.01578,1.0591,1.1131,1.168877,1.225824,1.290584,1.361144,1.444195,1.567012,1.704718,1.916966,2.327879,5.9335
"29776993_JaneOliaro_SciImmunol_2018_B16F10_OT-I_Coculture-T_SKCM.txt",-8.4699,-7.61616,-7.44202,-7.33066,-7.25494,-7.1856,-7.11606,-7.06544,-7.01206,-6.97082,-6.9299,-6.8918,-6.84898,-6.8079,-6.7712,-6.7365,-6.70012,-6.669,-6.6345,-6.60084,-6.572,-6.53846,-6.50298,-6.47,-6.43414,-6.4045,-6.3752,-6.34318,-6.3011,-6.2698,-6.2346,-6.20166,-6.17292,-6.1365,-6.09672,-6.0576,-6.02176,-5.98826,-5.94958,-5.90926,-5.8688,-5.82848,-5.7856,-5.73732,-5.70084,-5.6503,-5.60092,-5.5471,-5.49478,-5.44086,-5.3805,-5.31826,-5.24182,-5.18724,-5.11694,-5.0515,-4.9776,-4.90722,-4.83124,-4.75056,-4.6755,-4.60476,-4.51904,-4.4547,-4.37244,-4.3005,-4.23416,-4.1678,-4.0897,-4.00864,-3.9331,-3.86654,-3.7922,-3.70908,-3.62216,-3.5563,-3.4654,-3.38304,-3.3025,-3.19854,-3.1037,-2.99846,-2.89794,-2.77596,-2.6728,-2.5466,-2.4071,-2.27312,-2.1252,-1.926,-1.7312,-1.50774,-1.28482,-1.02444,-0.791363999999998,-0.529089999999997,-0.198878,0.143574,0.564841999999999,1.21488,11.886
"29776993_JaneOliaro_SciImmunol_2018_MC38_koPRF1.OT-I_Coculture-T_COAD.txt",-7.3645,-6.2568,-5.968052,-5.770994,-5.620288,-5.46812,-5.344454,-5.205426,-5.081352,-4.9629,-4.8369,-4.7091,-4.567488,-4.419521,-4.277408,-4.13102,-3.9574,-3.816365,-3.6712,-3.495204,-3.35092,-3.216424,-3.094134,-2.975456,-2.8637,-2.746875,-2.642138,-2.545315,-2.4521,-2.343876,-2.2631,-2.153779,-2.0619,-1.976088,-1.894978,-1.80622,-1.703496,-1.639733,-1.554242,-1.471355,-1.38556,-1.292614,-1.195526,-1.101557,-1.035396,-0.9389995,-0.8477906,-0.749707,-0.6662804,-0.617796,-0.519095,-0.4338306,-0.3487724,-0.2776643,-0.1958016,-0.111111499999999,-0.0358362399999998,0.0443691200000005,0.1187972,0.197742199999999,0.268466,0.3402502,0.4094934,0.4926753,0.5759412,0.6410015,0.7055524,0.772695200000001,0.834192000000001,0.9030395,0.972337,1.031883,1.09278,1.148843,1.218468,1.286375,1.357232,1.4309,1.506588,1.571389,1.6385,1.710513,1.768186,1.833653,1.912244,1.995645,2.082786,2.17787,2.275608,2.383097,2.48147,2.595286,2.717416,2.865352,3.025894,3.203535,3.422448,3.678472,4.054348,4.696,10.587
"29776993_JaneOliaro_SciImmunol_2018_MC38_NK.10_Coculture-NK_COAD.txt",-8.2856,-7.061628,-6.762668,-6.54,-6.37382,-6.25709,-6.1251,-5.9996,-5.861384,-5.69651,-5.48374,-5.2568,-4.967216,-4.646091,-4.370632,-4.099405,-3.870012,-3.703683,-3.54607,-3.407922,-3.27494,-3.1335639,-2.994606,-2.867661,-2.7580872,-2.625625,-2.515888,-2.387963,-2.265732,-2.132501,-2.00162,-1.8729,-1.7153,-1.59409,-1.489882,-1.371335,-1.251412,-1.144757,-1.05247,-0.97744,-0.919678,-0.8364687,-0.7464954,-0.6693534,-0.5932836,-0.5203725,-0.4616144,-0.3992837,-0.3338744,-0.2676517,-0.20365,-0.1389996,-0.0867745999999997,-0.0301772799999997,0.02985876,0.0884150000000004,0.13696,0.1995212,0.2644028,0.3130117,0.371523999999999,0.4291097,0.4927152,0.5583791,0.62416,0.6971235,0.7651,0.8280785,0.89496,0.9692164,1.03156,1.099034,1.171732,1.257621,1.332888,1.431075,1.517952,1.599806,1.688018,1.776749,1.8818,1.992411,2.115156,2.2249455,2.35904,2.48337,2.623832,2.7579967,2.906376,3.069307,3.2584,3.452507,3.699676,3.947911,4.29056000000001,4.64674,4.9692,5.29300499999999,5.716312,6.300492,12.509
"29776993_JaneOliaro_SciImmunol_2018_MC38_NK.20_Coculture-NK_COAD.txt",-8.573,-6.994822,-6.6973,-6.473161,-6.345416,-6.2252,-6.1128,-5.990951,-5.858184,-5.713166,-5.5479,-5.36289,-5.166944,-4.9701,-4.740184,-4.472935,-4.229,-3.9954,-3.8156,-3.649051,-3.49144,-3.311918,-3.184248,-3.053467,-2.952424,-2.850775,-2.736732,-2.630177,-2.508872,-2.412815,-2.30017,-2.1900445,-2.06834,-1.9393,-1.84223,-1.72382,-1.5818,-1.469584,-1.327726,-1.182055,-1.07494,-0.9684295,-0.9357386,-0.8250049,-0.7218756,-0.6396295,-0.553919599999999,-0.475700699999999,-0.3929,-0.3296012,-0.261265,-0.195387,-0.1288904,-0.0625801399999994,-0.00147264999999997,0.0623122000000002,0.120016,0.17097,0.211910999999999,0.2691889,0.330122,0.3902436,0.444722,0.501086699999999,0.563384,0.6281175,0.6891084,0.7495698,0.8013928,0.8665288,0.938945,1.008182,1.073124,1.136798,1.197654,1.251525,1.329604,1.406367,1.475776,1.56369,1.6485,1.7531,1.8541,1.962537,2.078932,2.22634,2.367618,2.517254,2.671436,2.847247,3.04615,3.246922,3.438892,3.685006,3.950076,4.313715,4.771132,5.275422,5.7574,6.236745,11.044
"29776993_JaneOliaro_SciImmunol_2018_MC38_OT-I+aPD1_Coculture-T_COAD.txt",-11.182,-5.488714,-4.888,-4.570612,-4.326804,-4.1054,-3.9359,-3.756987,-3.640128,-3.543124,-3.44681,-3.329948,-3.2464,-3.1093,-3.059138,-2.9403,-2.901868,-2.791367,-2.7489,-2.6667,-2.5541,-2.5282,-2.456458,-2.364879,-2.2674,-2.2674,-2.1818,-2.1082,-2.021492,-1.949,-1.949,-1.886581,-1.802876,-1.734648,-1.651256,-1.577355,-1.5397,-1.524886,-1.4576,-1.3742,-1.30378,-1.233199,-1.171542,-1.0986,-1.0257,-0.96619,-0.96619,-0.9290931,-0.872534,-0.80723,-0.73477,-0.66771,-0.6004524,-0.5288383,-0.46419,-0.416019499999999,-0.3342924,-0.2755399,-0.217532400000001,-0.1495304,-0.080028,-0.0102443670000008,0.06721346,0.078292,0.1341748,0.2170395,0.2814266,0.355508900000001,0.425487200000001,0.50638,0.576515,0.65078,0.6792956,0.752672,0.8259522,0.90204,0.99671,1.083694,1.1271,1.226199,1.31676,1.4135,1.4499,1.5432,1.657668,1.7167,1.841146,1.903,2.03554,2.125816,2.2678,2.412061,2.533384,2.6848,2.8505,3.04711,3.2717,3.524837,3.8613,4.40672599999999,9.1238
"29776993_JaneOliaro_SciImmunol_2018_MC38_TNF_SyntheticLethal_COAD.txt",-6.3131,-3.026208,-2.435084,-2.136152,-1.92874,-1.74521,-1.600924,-1.491242,-1.400548,-1.31747,-1.24432,-1.181596,-1.1273,-1.0715,-1.0192,-0.969779,-0.923662,-0.881793,-0.844792,-0.807734,-0.77222,-0.737953,-0.7020032,-0.662448,-0.633572,-0.606175,-0.5731484,-0.541592,-0.5125092,-0.4847422,-0.456134,-0.4275318,-0.3994868,-0.3749198,-0.34889,-0.324261,-0.3020624,-0.278412,-0.257638,-0.2354268,-0.21354,-0.1943046,-0.1736808,-0.1507986,-0.1324504,-0.106849,-0.0840084,-0.0587644199999999,-0.0397588,-0.0178583,0.0022967,0.02399186,0.0457156400000001,0.0672086,0.09253212,0.112481,0.1354612,0.160023000000001,0.187524,0.2128006,0.240878,0.2648578,0.2889376,0.3191656,0.3423732,0.36816,0.3944828,0.421247800000001,0.4493676,0.4794332,0.508066000000001,0.535009,0.5670712,0.5963486,0.6319076,0.665675,0.6990496,0.73448,0.773752,0.8205282,0.8715,0.918602,0.964269600000001,1.019108,1.06668,1.13245,1.19512,1.256634,1.323732,1.412096,1.4929,1.581062,1.68934,1.82172,1.972836,2.139,2.330676,2.588354,2.88214799999999,3.502054,6.3828
"29776993_JaneOliaro_SciImmunol_2018_MDA-MB-231_CAR-T_Coculture-T_TNBC.txt",-6.8998,-5.403493,-4.996676,-4.7175,-4.482152,-4.236535,-4.0191,-3.830522,-3.660424,-3.509798,-3.34893,-3.181583,-3.048552,-2.9264,-2.811166,-2.70017,-2.580436,-2.475864,-2.379728,-2.280555,-2.18948,-2.107332,-2.015306,-1.921658,-1.845308,-1.76305,-1.679094,-1.609621,-1.527444,-1.456134,-1.37416,-1.293452,-1.226772,-1.155836,-1.0838164,-1.030735,-0.9696772,-0.9087704,-0.8394214,-0.7810895,-0.718938,-0.6647729,-0.6238956,-0.5592272,-0.5112856,-0.4580755,-0.412677,-0.3571375,-0.3065956,-0.2577743,-0.20727,-0.1621763,-0.1171588,-0.0696366699999997,-0.02640494,0.0135014,0.0555326400000001,0.1033479,0.1476362,0.1920774,0.230568,0.2694346,0.3137248,0.3558277,0.4057756,0.4488185,0.4906338,0.535577,0.579357600000001,0.626774900000001,0.677462,0.7298208,0.777859199999999,0.8239894,0.8688924,0.9161875,0.9633664,1.0213,1.067118,1.122766,1.17432,1.228496,1.276642,1.340446,1.401088,1.46006,1.5193,1.591797,1.663804,1.748653,1.8264,1.917121,2.012384,2.125871,2.226004,2.377745,2.5301,2.750745,3.025988,3.467767,7.504
"30449619_AlexanderMarson_Cell_2018_hCD8T_Essentiality_Essentiality_CD8T.txt",-1.732,-0.3934098,-0.2983416,-0.2556422,-0.2259008,-0.20424,-0.188094,-0.174003,-0.1633536,-0.1540784,-0.144402,-0.1360718,-0.12829,-0.12214,-0.1155364,-0.110357,-0.1045516,-0.09958616,-0.09467372,-0.09039362,-0.0864418,-0.08287576,-0.07881832,-0.074446,-0.0703766,-0.0665805,-0.06323776,-0.06033452,-0.0565092,-0.0531379,-0.0500192,-0.04669134,-0.04344048,-0.04045324,-0.03815208,-0.0349918,-0.03233216,-0.02971424,-0.02688008,-0.0242892,-0.021946,-0.0194247,-0.01616748,-0.0132096,-0.01057096,-0.00791837,-0.00562177999999999,-0.003020058,-0.000433837199999995,0.001911852,0.0046333,0.00716139600000002,0.009798112,0.01260044,0.0151662,0.0177902,0.02033348,0.0228845200000001,0.02546268,0.02817016,0.0306172,0.03316746,0.03554328,0.03811708,0.04067276,0.0437125,0.04631552,0.04912216,0.0519051200000001,0.05451336,0.0574784000000001,0.06024238,0.06346192,0.0667179,0.06978416,0.072745,0.07622512,0.07924214,0.08195216,0.0851269,0.0881962,0.09164336,0.09528504,0.09907104,0.1033388,0.107784,0.1125796,0.11721,0.1223904,0.1272636,0.1336,0.1397146,0.1467224,0.1546466,0.1626728,0.172168,0.184926,0.200431,0.2218116,0.2582266,1.1286
"30449619_AlexanderMarson_Cell_2018_hCD8T_Pilot_Essentiality_CD8T.txt",-0.56895,-0.2296998,-0.207218,-0.1880072,-0.174246,-0.162465,-0.1534292,-0.1453336,-0.1338508,-0.1276572,-0.1215,-0.115566,-0.1110108,-0.1066282,-0.102352,-0.100174,-0.09671432,-0.08993922,-0.08614396,-0.08310406,-0.0784004,-0.0754462,-0.07340728,-0.06885482,-0.06471396,-0.0625995,-0.0582946,-0.0552883,-0.0522262,-0.0498716,-0.0476036,-0.04578156,-0.0419628,-0.04076876,-0.03737996,-0.0353514,-0.0331348,-0.0312952,-0.02924052,-0.02676838,-0.0242052,-0.02153888,-0.01887036,-0.01476942,-0.0124948,-0.00967296,-0.007918528,-0.006481618,-0.00390318800000001,-0.000839610600000003,0.0015931,0.003656576,0.00619382800000003,0.00829965000000002,0.01034044,0.0128591,0.01466068,0.01795928,0.0200292,0.02284782,0.0243262,0.02743972,0.03093212,0.03360338,0.03656292,0.0403523,0.0435614,0.04605692,0.04914516,0.05211198,0.0546486,0.05750838,0.0599494,0.06407714,0.06739468,0.070308,0.07371492,0.07729652,0.0807438,0.08427994,0.0865344,0.08993794,0.09420484,0.0988679,0.1040404,0.10824,0.1135468,0.118318,0.1250156,0.1313468,0.136458,0.1451448,0.1486208,0.154231,0.1647888,0.183437,0.1913048,0.2048144,0.2226292,0.2466328,1
"30559422_ERobertMcDonaldIII_NatMed_2019_HSC4_shADAR_SyntheticLethal_HNSC.txt",-4.0837,-1.1606,-0.98349,-0.884812,-0.80615,-0.74813,-0.706514,-0.66493,-0.627896,-0.598536,-0.57269,-0.54875,-0.52672,-0.500322,-0.47982,-0.46155,-0.441508,-0.424534,-0.407446,-0.391564,-0.37415,-0.359016,-0.342482,-0.328512,-0.314866,-0.30128,-0.286912,-0.272386,-0.259524,-0.245134,-0.23308,-0.220866,-0.209854,-0.196738,-0.185972,-0.17636,-0.165126,-0.15331,-0.142372,-0.13151,-0.11992,-0.109274,-0.097806,-0.0867916,-0.07564,-0.063813,-0.0527298999999999,-0.0423104,-0.0312262,-0.0206148000000001,-0.0087652,0.00171220000000002,0.0108408,0.020607,0.0327336,0.043225,0.0543500000000001,0.0645244000000003,0.0761684,0.0860166,0.097632,0.109978,0.121642,0.133532,0.146768,0.15829,0.168972,0.179074,0.191702,0.205116,0.21791,0.229464,0.243758,0.256924,0.270402,0.28468,0.298938,0.314268,0.327156,0.342072,0.35739,0.37503,0.39263,0.406638,0.42488,0.442,0.460668,0.479154,0.498924,0.524008,0.54946,0.576088,0.604038,0.638528000000001,0.675048,0.7226,0.773204,0.849905999999998,0.936026,1.09074,5.4698
"31126740_LingyinLi_MolCell_2019_U937_cGAMP_SyntheticLethal_MP.txt",-4.0355,-1.32956,-1.033568,-0.885724,-0.790074,-0.712332,-0.6545128,-0.6099952,-0.5779172,-0.5412036,-0.509496,-0.4813752,-0.4568516,-0.4355036,-0.4144988,-0.39561,-0.3777632,-0.3613028,-0.3449852,-0.3271648,-0.311804,-0.2969924,-0.2829908,-0.2702364,-0.2571116,-0.24428,-0.2316868,-0.2201104,-0.2084028,-0.1970444,-0.185616,-0.1753712,-0.1637244,-0.1521616,-0.1418136,-0.13229,-0.122204,-0.1127312,-0.1021696,-0.09150236,-0.0806904,-0.07268372,-0.06198156,-0.05148216,-0.04201076,-0.032451,-0.02261024,-0.01356488,-0.004598104,0.003467296,0.012132,0.02267448,0.032093,0.0420278,0.05298656,0.0620480000000001,0.0716470800000002,0.08018736,0.09164736,0.1016524,0.110438,0.1218052,0.1335096,0.144172,0.1547348,0.164616,0.175838,0.1867728,0.1968776,0.2092952,0.22141,0.2343344,0.2453168,0.256992,0.2697832,0.2835,0.2954608,0.3087416,0.3227688,0.3373532,0.353054,0.3707376,0.3875156,0.4028264,0.4213736,0.44145,0.4600796,0.4833188,0.5079388,0.5337248,0.56149,0.5899156,0.6275656,0.662218800000002,0.70984,0.757080000000001,0.8168372,0.909763999999999,1.032936,1.281392,7.7712
"31303383_DanielSPeeper_Cell_2019_IFNGR1mut.SKCM_MART-1_Coculture-T_SKCM.txt",-2.8212,-0.53369675,-0.41719,-0.3563541,-0.3166623,-0.2866875,-0.264726,-0.2464665,-0.229476,-0.214735,-0.202525,-0.1921675,-0.183471,-0.1738517,-0.1643468,-0.15554375,-0.1484102,-0.142057655,-0.13499804,-0.1287363,-0.122115,-0.1160321,-0.1105208,-0.104959095,-0.0993544,-0.093879,-0.089126,-0.0840746,-0.0795496,-0.0746223,-0.0705025,-0.0664623,-0.0622675,-0.057841,-0.0535468,-0.0493855,-0.0452664,-0.0418071,-0.0379529,-0.0340868,-0.0302365,-0.0266462,-0.0229668,-0.019193,-0.01567064,-0.0120815,-0.00863199999999999,-0.00504995,-0.00162870000000001,0.00190539999999997,0.0055435,0.00875672000000007,0.0122848,0.015767865,0.019555,0.023119875,0.026588,0.03019066,0.0335585,0.03707885,0.040918,0.0443763,0.0474754,0.05133365,0.054811,0.05818575,0.0622144,0.06637355,0.0699302,0.0737488,0.0777880000000001,0.0822921,0.0865253,0.0909279,0.094888,0.099254475,0.1036648,0.10850448,0.1126162,0.11810815,0.1230815,0.12789255,0.133814,0.13942885,0.145363,0.1517965,0.1581924,0.1652505,0.1728724,0.1816902,0.19081,0.200512155,0.2115265,0.22277965,0.235508,0.249596,0.2698278,0.2953115,0.331847999999999,0.410041000000001,2.0092
"31365872_BenjaminEGewurz_CellRep_2019_DaudiB_CD40_Sorting_B-cell.txt",-6.5347,-1.4308245,-1.103414,-0.9185455,-0.801083,-0.728619,-0.6637806,-0.6165404,-0.5768684,-0.5442523,-0.512107,-0.4817228,-0.4584588,-0.4360686,-0.4144876,-0.39593055,-0.3754114168,-0.35798786,-0.3414778,-0.3262204,-0.3102945,-0.2972751,-0.28494734,-0.27093208,-0.25882784,-0.24578625,-0.2330172,-0.2203999,-0.2084668,-0.19612524,-0.1845882,-0.17359974,-0.16228204,-0.1522076,-0.14066652,-0.1309718,-0.1197798,-0.108767489,-0.0989757,-0.0889494,-0.079468,-0.070112866,-0.0606116,-0.0498241,-0.0408997,-0.031793,-0.0221160802,-0.0125241643,-0.00421856,0.00476719999999999,0.014355,0.022234,0.03164708,0.040947916,0.0497968,0.0582330000000001,0.065917818,0.0745214,0.0839629,0.0931851,0.1022572,0.11226994,0.12187078,0.13142818,0.14082544,0.1507755,0.16012114,0.169059675,0.17815922,0.18878543,0.198587,0.21049616,0.2207871936,0.2323892,0.2432242,0.254335875,0.26697874,0.2784361,0.2902966,0.3039516,0.3203714,0.33510639,0.35000736,0.3672035,0.38253932,0.40085,0.4199562,0.4373116,0.4591378,0.4815736,0.5094944,0.53649,0.565758,0.5999386,0.639361600000001,0.6875855,0.7476058,0.828941700000001,0.9447064,1.22180020000001,3.9584
"31452512_JeffreySettleman_Elife_2019_K562_MHCI_Sorting_LCML.txt",-8.9935,-3.23333335,-2.3842892,-1.8429130905,-1.5282572,-1.300683,-1.1254917,-1.0019748,-0.9143424,-0.834934685,-0.7746425,-0.72398635,-0.678043,-0.63826705,-0.6066165,-0.575776,-0.5486312,-0.52311,-0.49783396,-0.4744231,-0.4512337,-0.4293894,-0.4119867,-0.394146775,-0.3746586,-0.358341,-0.3415948,-0.32371423,-0.30698472,-0.291318885,-0.2773725,-0.26312278,-0.24759924,-0.23207365,-0.2174559,-0.203793,-0.19120948,-0.17835639,-0.1657546,-0.15283185,-0.1393831,-0.12562795,-0.11362188,-0.10188814,-0.08916672,-0.0780245,-0.0665490999999999,-0.0534805999999999,-0.0396159800000002,-0.027223889,-0.0143385,-0.00324315,0.0104476,0.02135345,0.034755203,0.0477327500000001,0.0598490000000001,0.0727886200000005,0.0865125399999998,0.099924215,0.1122174,0.1237423,0.13663724,0.14884391,0.1617634,0.1753226,0.1887907,0.201872575,0.2178948,0.233558275,0.24923145,0.263484485,0.28002456,0.296382215,0.3104997,0.32693,0.3445162,0.36230764,0.37961594,0.39730392,0.416988,0.438572145000001,0.46230556,0.48427122,0.50553522,0.53033525,0.5562349,0.58770575,0.6201286,0.6551055,0.696911500000001,0.7488426,0.8101704,0.871006300000001,0.949693200000001,1.04984,1.18112482,1.3635078,1.725485,2.44019055,6.0297
"31452512_JeffreySettleman_Elife_2019_K562_NK-92_Coculture-NK_LCML.txt",-3.71995,-0.907805,-0.748635,-0.6422175,-0.576405,-0.53025425,-0.490605,-0.4587,-0.43307,-0.408187225,-0.387395,-0.3650975,-0.345395,-0.32795,-0.313381,-0.299551425,-0.286795,-0.27447975,-0.262604,-0.250535325,-0.239185,-0.2288175,-0.2181,-0.208642,-0.199445,-0.190031,-0.180865,-0.17191875,-0.163404,-0.154477,-0.144803,-0.13702375,-0.1295045,-0.12165025,-0.113937,-0.10724725,-0.1001515,-0.0915495,-0.08485175,-0.07764075,-0.070612,-0.06425825,-0.057321,-0.0498975,-0.042582,-0.0352685,-0.02872,-0.0206825,-0.0138015,-0.00604125,0.000814999999999996,0.0075895,0.01537835,0.022285,0.029665,0.036705,0.0446550000000001,0.05221625,0.058886,0.06609875,0.0738005,0.080652125,0.0873625,0.09495275,0.103184,0.11107325,0.119185815,0.12679575,0.13518,0.142836475,0.151245,0.15975025,0.1692125,0.1796595,0.1885325,0.19898725,0.208679,0.2188,0.2299135,0.2396625,0.25121,0.263255,0.2753645,0.2892825,0.303875,0.3175941,0.333005,0.3488725,0.36641,0.3884175,0.410745,0.43556,0.463745,0.4966,0.54007,0.588045,0.649885,0.7353025,0.86757,1.1115525,4.0964
"31509742_JaneOliaro_CellRep_2019_B16F10_MHCI.Low_Sorting_SKCM.txt",-11.206,-3.789514,-3.2239,-2.930766,-2.725792,-2.51588,-2.377264,-2.241685,-2.137516,-2.035465,-1.95567,-1.874749,-1.797932,-1.728481,-1.6621,-1.5905,-1.52406,-1.460858,-1.408296,-1.339542,-1.28616,-1.2277,-1.172842,-1.1149,-1.062388,-1.009475,-0.962217,-0.9138698,-0.8657364,-0.8238649,-0.771084,-0.7273687,-0.6791228,-0.629844,-0.5747451,-0.526509,-0.4764204,-0.4246218,-0.3788354,-0.3332563,-0.283866,-0.2335072,-0.1831582,-0.135742,-0.0893556399999998,-0.0358988499999999,0.000267445298610257,0.00119882541184779,0.00207299719983711,0.00295578322105575,0.00389605417731219,0.00478357220883482,0.00563256188714876,0.00657894578529522,0.00756023635971359,0.00857081998663491,0.00951069963397459,0.0104927707903552,0.0114286147672683,0.0122823726723436,0.0132890410302207,0.0141257853774587,0.0150570839054417,0.0160185576771619,0.0168551604971289,0.0178201733942842,0.0185508304547984,0.0194567727752729,0.0204083654670976,0.0211700278170174,0.0221313771244604,0.0230854074807139,0.024034055121243,0.0248613723909948,0.0257082960426342,0.0267070618574508,0.0275694161294959,0.0284218048334588,0.029487805927638,0.0304071807190776,0.0313774249795825,0.0323923799175537,0.0332664660345763,0.0341627470991807,0.0351087444373406,0.035958616589196,0.0367967633965891,0.0378270373005653,0.0387642291551456,0.0396867449248675,0.0405906387104187,0.0414428125229897,0.0423197245532647,0.0431739784642123,0.0440687722207512,0.0450317464658292,0.0460979005554691,0.0471466472566827,0.0480561883412301,0.0489867643704638,0.0499972726334818
"31509742_JaneOliaro_CellRep_2019_B16F10_NK_Coculture-NK_SKCM.txt",-8.0242,-5.8562,-5.349158,-5.0139,-4.492832,-4.134005,-3.816238,-3.59379,-3.360984,-3.196449,-3.03895,-2.9003,-2.755188,-2.638061,-2.516054,-2.3977,-2.313592,-2.213522,-2.11743,-2.034365,-1.9435,-1.8774,-1.796484,-1.712311,-1.641972,-1.58276,-1.518762,-1.462149,-1.400972,-1.34853445,-1.2968,-1.2689,-1.219268,-1.172626,-1.127132,-1.086,-1.038532,-0.9985509,-0.9582318,-0.9145906,-0.876432,-0.8377101,-0.800105,-0.7634644,-0.7223328,-0.6788045,-0.6507716,-0.6142045,-0.5802408,-0.5430689,-0.5119625,-0.47512,-0.437816,-0.4018364,-0.3725176,-0.337558499999999,-0.3004232,-0.2593352,-0.2292584,-0.1943332,-0.155392,-0.1191947,-0.0836820800000002,-0.0487745299999998,-0.00967770800000001,0.0247908000000003,0.05834536,0.0898264200000001,0.1211878,0.1605831,0.195051,0.2390115,0.2853468,0.3294794,0.371268,0.41475,0.45768,0.4994602,0.5491956,0.5994829,0.647638000000001,0.6954671,0.757728000000001,0.8157011,0.8759044,0.9427795,1.0085991,1.077855,1.159688,1.239427,1.31588,1.424681,1.547092,1.693645,1.8497,2.04145,2.270596,2.568493,2.989268,3.624209,6.2249
"31744829_KwokKinWong_CancerDiscov_2019_KP_aPD1_Invivo_LUAD.txt",-1.3304,-1.052501,-0.9143144,-0.8525717,-0.8052476,-0.7598135,-0.729388,-0.7060578,-0.6664348,-0.6483695,-0.607017,-0.5741462,-0.5542204,-0.5246456,-0.5065006,-0.489716,-0.4595432,-0.4301237,-0.406892,-0.3872825,-0.368914,-0.3467313,-0.3352256,-0.3155205,-0.306536,-0.2871825,-0.2694264,-0.2595058,-0.2421244,-0.231281,-0.21597,-0.2007006,-0.192446,-0.1777294,-0.1706077,-0.159754,-0.1436632,-0.1347654,-0.1214506,-0.1082969,-0.101256,-0.0881591499999999,-0.0737778800000001,-0.06326101,-0.05187684,-0.0340788,-0.0228577799999999,-0.00892725999999994,-0.000705518000000002,0.01119385,0.019473,0.03371078,0.05214448,0.05535,0.0728127000000001,0.0835628,0.09313548,0.1039569,0.1082038,0.114307,0.120958,0.1332099,0.1392382,0.1444377,0.1581488,0.1667575,0.1832026,0.1987045,0.2087032,0.2214624,0.241032,0.2565564,0.2769972,0.2935199,0.2985218,0.314305,0.3388032,0.3581016,0.3756704,0.3868332,0.426988,0.4411276,0.4653008,0.49333,0.5080936,0.5245125,0.5534844,0.5861517,0.6153112,0.6438938,0.672976,0.7003213,0.750632800000001,0.796359,0.832719200000001,0.8753955,0.936356799999999,1.031792,1.114336,1.342736,1.8706
"31744829_KwokKinWong_CancerDiscov_2019_KP.koRag1_aPD1_Invivo_LUAD.txt",-1.0883,-0.9561235,-0.807849,-0.7478046,-0.6984756,-0.647979,-0.62218,-0.5994392,-0.5608944,-0.5363654,-0.511277,-0.4726494,-0.4555456,-0.4448092,-0.4191842,-0.401706,-0.3847364,-0.3672642,-0.3433626,-0.3326188,-0.313314,-0.2866724,-0.2786662,-0.2628899,-0.2521804,-0.2423925,-0.2248722,-0.2177765,-0.2061196,-0.1941418,-0.185389,-0.1700071,-0.1591032,-0.1404643,-0.11855,-0.109173,-0.09841672,-0.08848407,-0.07907024,-0.0628508399999999,-0.0544274,-0.0453652199999999,-0.03531078,-0.02468556,-0.0115896,-0.002582895,0.00324914200000003,0.0140612200000001,0.01873892,0.02717257,0.040439,0.05078529,0.06034992,0.06785703,0.07359554,0.0896405,0.0999019200000002,0.10438,0.109894,0.1234231,0.136882,0.1400697,0.1483812,0.1534126,0.1614528,0.170486,0.1760024,0.1834516,0.1961,0.2027881,0.21532,0.22463,0.2425064,0.2542821,0.2644566,0.2689425,0.2812556,0.2924765,0.2980906,0.3097055,0.328086,0.340342,0.350576600000001,0.3729574,0.379166,0.3928265,0.4148794,0.4384877,0.47767571,0.4894433,0.532426,0.5491658,0.5808796,0.6136548,0.6449708,0.681449,0.742244799999999,0.7871506,0.848491199999999,0.951767,1.6826
"31827283_HongboChi_Nature_2019_OT-I.koRegnase-1_B16F10_Invivo_CD8T.txt",-8.6728,-5.9951,-4.725834,-3.694561,-2.9758,-2.462745,-2.16405,-1.969215,-1.787748,-1.647787,-1.53426,-1.4373,-1.365248,-1.295418,-1.228306,-1.159,-1.1003,-1.0458,-0.9880092,-0.938454,-0.89278,-0.8500508,-0.8084666,-0.7735048,-0.733446,-0.69469,-0.6568954,-0.6233888,-0.586752,-0.5570323,-0.520239,-0.4918794,-0.4645596,-0.4392694,-0.411053,-0.382568,-0.3541656,-0.3279737,-0.2990156,-0.27031465,-0.242614,-0.2176441,-0.1915708,-0.1643233,-0.1410568,-0.115494,-0.0881479999999999,-0.0605393199999999,-0.03603536,-0.0111581299999999,0.0134645,0.03822182,0.06508352,0.0939238800000005,0.1208926,0.1470705,0.1725944,0.200559500000001,0.2237954,0.2472526,0.275052,0.3046155,0.3329504,0.3576557,0.3846464,0.415486,0.4424848,0.4704152,0.5001532,0.53060085,0.563598,0.5941347,0.6251604,0.6553322,0.689497919,0.7243525,0.7598052,0.7985867,0.8345422,0.8734209,0.905098,0.9492517,0.9928928,1.0414,1.082676,1.12948,1.180902,1.240754,1.295828,1.353784,1.41566,1.493587,1.572204,1.662502,1.757816,1.88047,2.01844,2.215516,2.435302,2.871753,5.9921
"31830245_SatuMustjoki_Blood_2019_NALM6_CART_Coculture-T_BCL.txt",-5.0608,-2.34345,-2.019484,-1.810264,-1.6477,-1.54587,-1.445264,-1.3603,-1.295952,-1.224238,-1.1617,-1.101036,-1.047356,-1.003722,-0.964488,-0.923203,-0.8834276,-0.8425872,-0.80604,-0.770866,-0.73911,-0.7077958,-0.6753876,-0.6444658,-0.615032,-0.58769,-0.5620664,-0.5362252,-0.5111576,-0.486696,-0.461678,-0.4359536,-0.41146,-0.3891004,-0.3638888,-0.343505,-0.3204772,-0.2985468,-0.2768688,-0.2556626,-0.233622,-0.21107,-0.1906648,-0.1686784,-0.1472144,-0.126019,-0.1059088,-0.0856480199999999,-0.0661014800000002,-0.0461856,-0.025531,-0.00480241000000005,0.01552692,0.029597,0.0506945600000002,0.0680656,0.0899026000000001,0.109462,0.1288456,0.1474508,0.166698,0.1887152,0.2069772,0.2295156,0.2519572,0.278005,0.298684,0.320121,0.3379768,0.3621422,0.383332,0.4065204,0.4270832,0.4515238,0.4718576,0.496985,0.5205168,0.5424294,0.5698848,0.5959614,0.619142,0.6497374,0.678368400000001,0.7070386,0.738232,0.768687,0.8027228,0.8387784,0.8743036,0.9129156,0.949376,0.9971934,1.042552,1.096458,1.158028,1.23097,1.311236,1.405064,1.560044,1.811534,5.2349
"31830245_SatuMustjoki_Blood_2019_NALM6.CART_Birinapant_Coculture-T_BCL.txt",-3.8381,-1.10846,-0.9071764,-0.8101152,-0.7492936,-0.69488,-0.6502056,-0.6119876,-0.5726256,-0.5423172,-0.516982,-0.4935024,-0.4703352,-0.4500696,-0.4300772,-0.410964,-0.3948072,-0.3781668,-0.3633692,-0.348724,-0.33277,-0.315762,-0.3035544,-0.2905008,-0.2774108,-0.26505,-0.2525184,-0.2399984,-0.2290376,-0.2170872,-0.20451,-0.1936304,-0.1827764,-0.1715772,-0.1614256,-0.151,-0.1408472,-0.1311704,-0.121846,-0.1107288,-0.101548,-0.0916592399999999,-0.08248328,-0.07267052,-0.06312592,-0.052719,-0.04306696,-0.0338504,-0.02466324,-0.01591244,-0.0064176,0.003963984,0.01351008,0.02245728,0.0321904,0.0405538,0.04877404,0.05797756,0.0677826,0.0756955999999999,0.0860619999999999,0.09536988,0.1043288,0.1144304,0.1231924,0.13421,0.143808,0.15264,0.1629844,0.17288,0.18269,0.1925236,0.2036576,0.2151668,0.2257092,0.23811,0.249724,0.26107,0.2730868,0.2856132,0.2967,0.3106948,0.3232,0.33865,0.354095599999999,0.370618,0.3877592,0.4048092,0.4204404,0.4406436,0.460112,0.4815636,0.505764,0.533082,0.5668552,0.60607,0.6465648,0.704175999999999,0.7786204,0.922396799999998,2.7962
"31882897_ChristopherDaly_SciRep_2019_Jeko-1_CD3.bispecificAb_Coculture-T_MCL.txt",-0.69351,-0.3437663,-0.2942546,-0.26717,-0.2469236,-0.231552,-0.2169412,-0.2060699,-0.1945296,-0.18663,-0.177772,-0.1698027,-0.1623048,-0.1548667,-0.1478914,-0.1425155,-0.1367132,-0.1314434,-0.12613,-0.1211676,-0.1161,-0.11132,-0.1070522,-0.1030046,-0.09868236,-0.09466975,-0.09011498,-0.08635401,-0.08220528,-0.07842832,-0.0743291,-0.0702414,-0.06620032,-0.06205081,-0.05863268,-0.05476015,-0.05101704,-0.04708822,-0.04280146,-0.03930867,-0.0354478,-0.03215064,-0.0286192,-0.02535409,-0.02159584,-0.0178079,-0.01453734,-0.01051735,-0.00738355599999998,-0.00404029,-0.00068638,0.00249937499999999,0.006335328,0.009893771,0.01336704,0.01721885,0.02027472,0.02382581,0.02757794,0.03085119,0.0347682,0.03818425,0.04217866,0.04573992,0.04955152,0.05338015,0.05723826,0.06186613,0.0660223200000001,0.07008629,0.0745340000000001,0.07884379,0.08355168,0.08852901,0.09299864,0.0976805,0.10307,0.1084919,0.1149066,0.120381,0.12679,0.13267,0.1388618,0.1456468,0.1528,0.1603495,0.1682898,0.1765915,0.1859184,0.19639,0.207675,0.2195513,0.2329224,0.2485257,0.26531,0.289602,0.3143916,0.3502406,0.3950886,0.4809953,1.6883
"31882897_ChristopherDaly_SciRep_2019_Jeko-1_Essentiality_Essentiality_MCL.txt",-1.5571,-0.6515808,-0.5495976,-0.4957284,-0.4494716,-0.417268,-0.3897976,-0.36757,-0.3457216,-0.3278336,-0.312564,-0.2975244,-0.281694,-0.267428,-0.2557168,-0.243638,-0.2329932,-0.2225236,-0.2141236,-0.2053388,-0.19637,-0.1868492,-0.1779376,-0.1706284,-0.1627292,-0.15508,-0.1485204,-0.140492,-0.1322624,-0.12476,-0.117432,-0.1103784,-0.1045792,-0.09856168,-0.09183388,-0.0854004,-0.07947316,-0.07336148,-0.06705436,-0.06134712,-0.055038,-0.04939656,-0.04334064,-0.0372848,-0.03153004,-0.0268438,-0.0218446,-0.0164014,-0.01158168,-0.005875376,-0.0007975,0.00511024399999999,0.01033564,0.015048,0.02005264,0.0256788000000001,0.03062152,0.03564472,0.04058896,0.04589904,0.0513758,0.05682388,0.06182452,0.06678872,0.07228208,0.0772284000000001,0.0830394,0.08808544,0.09356084,0.09909772,0.104166,0.1097908,0.1150156,0.1203924,0.1272252,0.13302,0.1392096,0.1448696,0.1513408,0.1582892,0.165262,0.1721888,0.17881,0.1857088,0.1937388,0.201748,0.2103212,0.2194032,0.22837,0.2360488,0.245736,0.2568004,0.2677832,0.2816076,0.295430000000001,0.311624,0.3298016,0.3523512,0.3829088,0.4278576,1.8882
"32968282_JasonMoffat_Nature_2020_4T1-HA_CL4_Coculture-T_BRCA.txt",-1.8505,-0.6671266,-0.4928354,-0.4089516,-0.3352924,-0.2819295,-0.2484314,-0.2174653,-0.1963996,-0.1791722,-0.165511,-0.15388,-0.1439444,-0.1357043,-0.1288972,-0.12146,-0.1153,-0.1095916,-0.10429,-0.09905828,-0.0933028,-0.08882513,-0.08444734,-0.08004519,-0.07558292,-0.071604,-0.06807626,-0.06467966,-0.06134068,-0.05786376,-0.0548121,-0.05175941,-0.04902932,-0.04613107,-0.04337218,-0.0403531,-0.03780888,-0.03525784,-0.03266314,-0.02987529,-0.0270436,-0.02455678,-0.0219789,-0.01966185,-0.01708136,-0.014603,-0.01216436,-0.00982034399999998,-0.007516744,-0.00538731300000004,-0.00313785,-0.000990858999999984,0.001032928,0.003188952,0.00542335,0.00748370500000001,0.00969234800000001,0.01187576,0.01424706,0.01643678,0.0187,0.02053134,0.02267112,0.025088,0.02722932,0.0294883,0.03150146,0.0335864,0.03629068,0.0387969,0.0415249,0.04398037,0.04680004,0.04914699,0.0519608,0.05421175,0.05662544,0.059412,0.06178414,0.06463565,0.0677116,0.07038806,0.07362996,0.07666396,0.07995496,0.0836261,0.08702364,0.09044543,0.094676,0.09896735,0.103072,0.1082911,0.1134232,0.1203659,0.1267492,0.134087,0.1439376,0.1574737,0.1762618,0.2083958,0.96545
"32968282_JasonMoffat_Nature_2020_B16-OVA_OT-I_Coculture-T_SKCM.txt",-1.4583,-0.2068165,-0.1621596,-0.1398385,-0.124874,-0.114202325,-0.1057622,-0.09792242,-0.09171212,-0.08593798,-0.0804235,-0.07510976,-0.07078736,-0.06740051,-0.06394884,-0.0608547,-0.0578532,-0.05513844,-0.05233084,-0.04956106,-0.0471428,-0.04466136,-0.04244376,-0.04061236,-0.0385138,-0.036392,-0.03459524,-0.03259899,-0.030875,-0.02936328,-0.0276227,-0.02605247,-0.02430912,-0.02258,-0.0211109,-0.01953265,-0.0179612,-0.016472,-0.0149303,-0.01354181,-0.01221688,-0.01074999,-0.009104434,-0.00779897,-0.00666024,-0.005323795,-0.00399587799999999,-0.002679077,-0.001653072,-0.00039122280000003,0.000818365,0.00211422100000001,0.003639328,0.004883264,0.006208676,0.007351985,0.008821516,0.009999428,0.01123654,0.01240651,0.0135478,0.01468867,0.01590214,0.017203,0.01863032,0.01989465,0.02126872,0.02280712,0.02423584,0.02578292,0.0275268,0.02896101,0.03049944,0.03198632,0.03348024,0.034996,0.03646972,0.03803868,0.0397019,0.04116518,0.0428642,0.04476001,0.04677076,0.04858561,0.05060884,0.0528278,0.05502706,0.05725486,0.05967532,0.06234838,0.0653708,0.0683123,0.0713154,0.07502436,0.0792987,0.08385365,0.08928868,0.0984454999999999,0.1071738,0.1263054,0.81469
"32968282_JasonMoffat_Nature_2020_CT26-HA_CL4_Coculture-T_COAD.txt",-1.332,-0.2170491,-0.1444004,-0.11153,-0.09191436,-0.07799395,-0.06883996,-0.0624786,-0.05677716,-0.05214897,-0.0482925,-0.0454838,-0.04270684,-0.04031032,-0.03792932,-0.0358702,-0.03398952,-0.03240886,-0.0308021,-0.02931206,-0.027796,-0.02639972,-0.02513114,-0.02376617,-0.02249996,-0.0213275,-0.02010116,-0.01903633,-0.01798184,-0.01690083,-0.0159104,-0.0149959,-0.01395856,-0.01310242,-0.01226588,-0.0114743,-0.0106012,-0.009843496,-0.00903904,-0.008229296,-0.00748184,-0.006728263,-0.005881562,-0.00515267,-0.004441236,-0.003756375,-0.00287473,-0.002227642,-0.001444504,-0.0007152084,4.9403e-05,0.000738819500000003,0.001426196,0.002104669,0.003044406,0.00373374000000001,0.004470372,0.00515285000000001,0.00593228199999999,0.006663568,0.00739612,0.008284698,0.00898463400000001,0.009744695,0.01059816,0.0113849,0.012233774,0.01314049,0.01400576,0.01495696,0.0157055,0.01663964,0.017605,0.01850233,0.01949032,0.02043575,0.02143496,0.02246855,0.0237708,0.02491777,0.02606,0.02727501,0.02849922,0.02993115,0.03135772,0.03277495,0.03436318,0.03620743,0.03833216,0.04018121,0.0425803,0.0449991,0.04827684,0.05104283,0.0547758200000001,0.05951835,0.06532772,0.0758585399999997,0.0905814599999999,0.1291658,0.71887
"32968282_JasonMoffat_Nature_2020_EMT6-HA_CL4_Coculture-T_BRCA.txt",-1.9402,-0.340702,-0.2276538,-0.1621829,-0.1294604,-0.1088655,-0.0948745,-0.08519825,-0.07712188,-0.07002696,-0.0647651,-0.06104269,-0.05737092,-0.05434061,-0.05140244,-0.04873435,-0.04647396,-0.0442463,-0.04204764,-0.03973102,-0.0376278,-0.03578635,-0.03394338,-0.03234455,-0.03084192,-0.029298,-0.0278418,-0.02642099,-0.0250386,-0.02365047,-0.0224454,-0.02117088,-0.01984528,-0.01855605,-0.01735444,-0.0163056,-0.01508296,-0.0139962875,-0.01292612,-0.01190762,-0.0108808,-0.009863438,-0.008872612,-0.007775278,-0.006681328,-0.005728285,-0.00480804999999999,-0.00382006,-0.0028513,-0.001779766,-0.0009201,9.42986900000019e-05,0.001039672,0.00190389500000001,0.00285217,0.003771945,0.004764636,0.005642397,0.00659574599999999,0.007601551,0.00878118,0.009691887,0.01073214,0.01181166,0.01293176,0.01396795,0.01508346,0.016126,0.01732344,0.01849747,0.019572,0.02060964,0.02177412,0.02302463,0.02429662,0.0255375,0.0270308,0.0287407,0.03031352,0.03166295,0.0332346,0.03492701,0.03659352,0.03861543,0.040742,0.04243725,0.04477878,0.047034,0.04971684,0.052564,0.0558214,0.05951122,0.06382652,0.0683132300000001,0.07449688,0.08168705,0.0919148,0.1045448,0.1243948,0.1681937,0.80489
"32968282_JasonMoffat_Nature_2020_MC38-OVA_OT-I_Coculture-T_COAD.txt",-1.5187,-0.8239357,-0.6837744,-0.58605,-0.5149592,-0.4641955,-0.4151354,-0.37657613,-0.350662,-0.3228286,-0.300921,-0.2819807,-0.264704,-0.2497524,-0.2359554,-0.224517,-0.2126676,-0.2016931,-0.19078,-0.18221,-0.172684,-0.1646313,-0.1567218,-0.1487502,-0.1406796,-0.1336025,-0.1270254,-0.1208932,-0.1148348,-0.1084673,-0.103137,-0.09764244,-0.0921934,-0.08701789,-0.08181862,-0.0766213499999999,-0.07108588,-0.06640484,-0.06147924,-0.05614805,-0.0517568,-0.04719517,-0.0428348,-0.0382574,-0.03332928,-0.02897035,-0.02451138,-0.02039082,-0.01595476,-0.01177021,-0.00708585,-0.00327432499999998,0.000645916000000002,0.00522483900000002,0.009064748,0.0136554,0.01713368,0.02118361,0.02521934,0.0292528699999999,0.0331948,0.03719453,0.04147322,0.04527121,0.04952536,0.05369525,0.05726986,0.06116484,0.0649932,0.06924247,0.0734811,0.07767928,0.08229116,0.08601577,0.0906747799999999,0.09512025,0.0996763200000001,0.1038368,0.1085938,0.1132218,0.118234,0.12326,0.1280066,0.1337886,0.139322,0.1448385,0.1498006,0.15531,0.1617144,0.1691883,0.176318,0.184291,0.192778,0.2012453,0.2103792,0.2228185,0.2372616,0.2550248,0.2767048,0.313611900000001,1.0697
"32968282_JasonMoffat_Nature_2020_Renca-HA_CL4_Coculture-T_KIRC.txt",-1.2251,-0.2237539,-0.1457396,-0.1087451,-0.09039556,-0.07851895,-0.07011462,-0.06327892,-0.05807332,-0.05375622,-0.0502613,-0.04699732,-0.0444854,-0.04209221,-0.03982998,-0.03789615,-0.03577168,-0.03400829,-0.03248444,-0.03102103,-0.0296036,-0.02816654,-0.02681076,-0.02548021,-0.02418396,-0.02306275,-0.0219357,-0.02086928,-0.0197596,-0.01873082,-0.0176786,-0.01681741,-0.01574756,-0.01480214,-0.013986,-0.0131383,-0.01220044,-0.01135823,-0.0104442,-0.009577867,-0.00871232,-0.0078971645,-0.007092746,-0.006231177,-0.005386924,-0.00450367,-0.003695792,-0.002887881,-0.002090028,-0.00140920200000001,-0.00054008,0.000234702300000011,0.001086172,0.00191452,0.002727912,0.00357737,0.00463024,0.00548053800000001,0.006450378,0.00739653499999999,0.00816044,0.008947824,0.009748058,0.01059338,0.0114942,0.01239865,0.01321544,0.01407891,0.01505582,0.01625949,0.0171924,0.01810765,0.01923704,0.02028398,0.02165554,0.022566,0.02363428,0.024727435,0.02589514,0.02714413,0.0285956000000001,0.03003801,0.03145466,0.03296729,0.03470944,0.03642035,0.03811518,0.04022313,0.0423754,0.04473021,0.0472859,0.05029821,0.05434724,0.057802295,0.06250592,0.06854665,0.07607216,0.0876517799999999,0.11194,0.1578427,0.60652
"33271120_JonathanWYewdell_Immunity_2021_BJAB_MHCI_Sorting_DLBCL.txt",-12.7735,-3.95382986,-3.280426,-2.816346,-2.4827168,-2.262244,-2.066348,-1.9090178,-1.782203,-1.6628071,-1.55558,-1.4618316,-1.3717918,-1.2854535,-1.201992,-1.144501,-1.08392596,-1.01875419,-0.96673624,-0.9188158,-0.871104,-0.82301144,-0.777729,-0.73978127,-0.7052056,-0.66405,-0.62882144,-0.59217196,-0.5623836,-0.5317992,-0.5033636,-0.4694447,-0.4378068,-0.405427,-0.3715942,-0.34344485,-0.31225094,-0.27920426,-0.250931,-0.225055357,-0.197665,-0.17158637,-0.1452574,-0.11890937,-0.1031795,-0.1031795,-0.1031795,-0.0894077699999999,-0.06106328,-0.0337794000000003,-0.00572148,0.0222500000000001,0.0500739999999999,0.0800661000000002,0.1080227,0.137803,0.166018316,0.19554942,0.22727388,0.2581283,0.29213,0.32282727,0.354433,0.39132109,0.421921,0.4555551,0.4892538,0.529953700000001,0.5727468,0.611154500000001,0.658519,0.712395699999999,0.757926,0.8039582,0.8526014,0.9026575,0.9680572,1.0272032,1.0908476,1.15013702,1.213494,1.27914218,1.3449005,1.4137897,1.49022496,1.567556,1.6451,1.7336404,1.8378798,1.941278,2.070119,2.2037323,2.3601252,2.5144559,2.6900772,2.94047,3.2296996,3.587633,4.11805319999999,5.066449,10.02665
"33271120_JonathanWYewdell_Immunity_2021_HBL1_MHCI_Sorting_DLBCL.txt",-13.8145,-3.631748,-2.9258294,-2.5197624,-2.194274,-2.0021645,-1.83862364,-1.7044466,-1.5841728,-1.4780029,-1.379788,-1.2973126,-1.2286778,-1.1560461,-1.1017752,-1.038183,-0.9867456,-0.93861297,-0.8880776,-0.8416079,-0.803368,-0.7598774,-0.71529738,-0.68033886,-0.643715,-0.6101625,-0.5740394,-0.54672481,-0.516619,-0.48093919,-0.451011,-0.422039,-0.38994274,-0.3564944,-0.3267022,-0.296055,-0.2648162304,-0.23540979,-0.20818748,-0.200425,-0.200425,-0.1768026,-0.1515024,-0.1237802,-0.0951571999999996,-0.0659861,-0.0397480999999999,-0.0108319999999998,0.0191748,0.0468466099999999,0.0781499999999999,0.10882718,0.1378226,0.1698318,0.199548,0.2351745,0.2709084,0.309000030000001,0.3423966,0.3785828,0.417786,0.4555059,0.49378,0.5354911,0.578252,0.6195895,0.666413,0.7055694,0.75494454,0.80139853,0.849414,0.8984534,0.951141,1.0046654,1.0537528,1.1089475,1.1649708,1.22320111,1.2824252,1.3482648,1.413216,1.4810495,1.554232,1.6257871,1.703463,1.788246,1.8690482,1.9561383,2.06049372,2.1602688,2.277929,2.3965758,2.536584,2.693693,2.8618784,3.0985165,3.296766,3.6207006,3.99926399999999,4.787576,10.3525
"33271120_JonathanWYewdell_Immunity_2021_SUDHL5_MHCI_Sorting_DLBCL.txt",-12.018,-4.8163182,-3.987226,-3.503105,-3.160352,-2.8925745,-2.66357512,-2.483982,-2.323356,-2.1857975,-2.069101,-1.9725089,-1.8702668,-1.77016382,-1.65593,-1.56443,-1.4763028,-1.3890374,-1.32265,-1.2537809,-1.188355,-1.1272979,-1.0693136,-1.0163111,-0.95174368,-0.9004325,-0.85015856,-0.8059298,-0.7635,-0.717999300000001,-0.6772811,-0.6340557,-0.59439876,-0.55486793,-0.515209,-0.474001,-0.436221,-0.3974521,-0.3577942,-0.316704442,-0.273931,-0.2620285,-0.2620285,-0.2620285,-0.25904986,-0.22681,-0.18824044,-0.151673699999999,-0.10903036,-0.0671284000000003,-0.020225,0.0249114000000004,0.0735283599999999,0.1204422,0.165533392,0.2062764,0.25425,0.301260400000001,0.3565768,0.4072904,0.4655972,0.51859658,0.5692468,0.6288949,0.696284,0.7646445,0.827066,0.8912647,0.956912200000001,1.02028977,1.0879222,1.15053975,1.21940232,1.2770943,1.353584,1.41425,1.47674532,1.54840777,1.6173746,1.6902834,1.767274,1.8561043,1.938732,2.02889136,2.12572,2.2324945,2.34774422,2.49269919999999,2.635798,2.767503,2.91604,3.071144,3.2285128,3.4005575,3.582474,3.8270635,4.092462,4.437054,4.962482,5.800026,11.101
"33271120_JonathanWYewdell_Immunity_2021_TMD8_MHCI_Sorting_DLBCL.txt",-9.37385,-3.19018814,-2.6720736,-2.3896909,-2.1660448,-1.977446,-1.8218846,-1.6870949,-1.5900384,-1.4891566,-1.390636,-1.3134621,-1.23287298,-1.1676773,-1.10979408,-1.0542216,-1.001493,-0.9474814,-0.8974212,-0.8550887,-0.81381,-0.7733492,-0.73504404,-0.6998411,-0.6604746,-0.6209125,-0.590345,-0.5560099,-0.5189778,-0.4851745,-0.4536214,-0.42194714,-0.38931072,-0.3627964,-0.3327964,-0.307354,-0.2794258,-0.24882644,-0.2192528,-0.1901326,-0.1594376,-0.13275,-0.10549466,-0.078084,-0.0482698199999999,-0.03000635,-0.000419799999999933,0.0245635700000001,0.0531748000000002,0.0822000999999997,0.1093334,0.1396924,0.16655212,0.1959074,0.22311318,0.2533005,0.2859008,0.310360500000001,0.343766279999999,0.3742574,0.410072999999999,0.4419969,0.4746932,0.5062725,0.538345,0.5726415,0.602791,0.6367462,0.674058,0.7106514,0.751966,0.795272189999999,0.8345202,0.8762169,0.9180924,0.96385825,1.0060388,1.05318017,1.101223516,1.1521438,1.204695,1.2625642,1.3197122,1.3797661,1.4460274,1.509438,1.5806516,1.6554939,1.74714968,1.8407361,1.93047,2.023476,2.138168,2.2694264,2.42204060000001,2.5817235,2.7542508,2.9800373,3.3265292,3.85502900000001,6.61565
"33497609_RobertTManguso_Immunity_2021_Renca_aPD1+aCTLA4_Invivo_KIRC.txt",-1.3527,-0.636648,-0.488868,-0.37394,-0.29357,-0.24077,-0.202008,-0.175068,-0.14933,-0.131546,-0.11741,-0.105602,-0.0946326,-0.0860984,-0.0792836,-0.073331,-0.0686302,-0.064461,-0.0601438,-0.0574118,-0.053616,-0.0506922,-0.047958,-0.045197,-0.0435362,-0.041335,-0.0391558,-0.037535,-0.0353246,-0.032604,-0.031105,-0.0293426,-0.0271554,-0.0251684,-0.0239254,-0.02183,-0.0202786,-0.018103,-0.0165182,-0.0150882,-0.012929,-0.0110426,-0.00946012000000001,-0.00772314,-0.0060859,-0.0047242,-0.0027709,-0.00113866,0.000142862000000001,0.000993803999999993,0.0023704,0.00412008,0.00530128,0.00671174000000001,0.00781112,0.0091432,0.0106392,0.012002,0.0135932,0.0148698,0.016562,0.0179606,0.0193352,0.0205266,0.021759,0.022984,0.0247796,0.0257642,0.0266256,0.0281164,0.029357,0.0309918,0.032512,0.0341956,0.0352894,0.03656,0.0382804,0.0399698,0.042201,0.0440826,0.046102,0.0480062,0.0501724,0.0514758,0.052966,0.054082,0.0568442,0.0591326,0.0611794,0.0632594,0.066411,0.0688228,0.0720118,0.0773746000000001,0.0814468,0.084885,0.0911682,0.0966353999999999,0.107058,0.124602,0.22027
"33589424_XShirleyLiu_CancerDiscov_2021_B16F10_M1.negScreen.MHCI.high_Sorting_SKCM.txt",-0.0499972726334818,-0.0493858431609114,-0.0487519854875282,-0.0481909030255629,-0.0475992717347108,-0.0470590456144418,-0.0464331168616191,-0.0458260005705524,-0.0452390279262327,-0.0446124704108806,-0.0440799363295082,-0.0435939059710363,-0.043002015481703,-0.0425201032729819,-0.0419961677701213,-0.0414626591041451,-0.0409429433802143,-0.0404359101707815,-0.0398366799089127,-0.039274853514391,-0.0387225895770826,-0.0382070381797385,-0.037550620156806,-0.037000086252694,-0.0364942809930071,-0.0359668365301331,-0.0354434016100131,-0.0349505316135473,-0.0343312456086278,-0.0337998643004103,-0.0332461730251089,-0.0327182047307724,-0.032153167906683,-0.0315397651056992,-0.0309958968795836,-0.0304199165134924,-0.0299035433167592,-0.0293549601170235,-0.0287393401421141,-0.0281716729925247,-0.0276586679229513,-0.0271072433110093,-0.0265986023510341,-0.0259727738434449,-0.0254529719706625,-0.0249431349994847,-0.0244632325505372,-0.0238946458862629,-0.0233805480576121,-0.0227946457605576,-0.0222307816497051,-0.0216693635197589,-0.0210924288574606,-0.0206159587922739,-0.0199922019948717,-0.019454377090442,-0.0188416612958536,-0.0183556270995177,-0.0178682116342243,-0.0173608940525446,-0.016776491322089,-0.0162193266433897,-0.0157139521325007,-0.0151358481484931,-0.0145941483685747,-0.0140584314835724,-0.0135151308544446,-0.0130212590859737,-0.0124187681283801,-0.0118465637821937,-0.0113529287779238,-0.0107790992457885,-0.0101754030352458,-0.00957413673528936,-0.00904727567383089,-0.00843065550434403,-0.00787220966024323,-0.00730066842306406,-0.00674891491979361,-0.00614004924194887,-0.00558651207014917,-0.00503639792418107,-0.0044933948891703,-0.00396930514962878,-0.00343358107469976,-0.0028584736312041,-0.0022712729764171,-0.00177395539346616,-0.00115511250216514,-0.00066237214358989,-1.77808525040772e-05,0.1681791,0.3185572,0.470553600000001,0.630633800000001,0.771148,0.922414,1.102425,1.323056,1.605417,4.4069
"33589424_XShirleyLiu_CancerDiscov_2021_B16F10_M1.negScreen.MHCI.high+PDL1.high_Sorting_SKCM.txt",-0.0499972726334818,-0.0493770306805382,-0.0487385276812129,-0.0481784064120148,-0.0475722487960011,-0.0470322726108134,-0.0463750959576573,-0.0457759612934896,-0.0452022867174819,-0.0445578817097703,-0.0440282844821922,-0.0435377674321644,-0.0429550801278092,-0.0424483839324676,-0.0419074851465411,-0.0414048545004334,-0.0408773604836315,-0.0403434708043933,-0.0397342151680496,-0.0391669991059462,-0.0386227309773676,-0.0380637889573118,-0.0374464685942512,-0.036895114468527,-0.0363528312109411,-0.0358497160457773,-0.0353459610645659,-0.0347976529309526,-0.0341869137007743,-0.0336797458457295,-0.0331128529435955,-0.032551903079031,-0.0319570411504246,-0.0313900048980722,-0.0308520069268998,-0.0302340435812948,-0.029710154551547,-0.0291761631402187,-0.0285215161833913,-0.0279996181746246,-0.0274601425859146,-0.0268935314875562,-0.0263543392389547,-0.0257610536410939,-0.0252136542568914,-0.0247356079058954,-0.0242203836697154,-0.0236679715483916,-0.0230921941120177,-0.0225396085142857,-0.0219428847951349,-0.021403641448007,-0.0208521950603463,-0.0203444107139949,-0.0197038316682447,-0.019083564307075,-0.0185669937538914,-0.0180515773969236,-0.0175589305583853,-0.0170236885414925,-0.0164494145126082,-0.0159392627433408,-0.0153765449612401,-0.0148087369357236,-0.0142703085695393,-0.0137062830437207,-0.0131941554869991,-0.0126839005480287,-0.0120391324874945,-0.011474804979167,-0.0109708492865321,-0.0103535092083038,-0.00975103060249239,-0.00919651948905084,-0.00857650589733385,-0.00801029576687142,-0.00743643334368243,-0.00690151411260013,-0.0062959909797646,-0.00567753526719753,-0.0051495047728531,-0.00461469880724326,-0.00406734472070819,-0.00354222464433405,-0.00298206389369443,-0.00239734426431824,-0.0018836367551703,-0.00129113940987736,-0.00073234253190458,-6.28367124590996e-05,0.116011999999999,0.257581100000001,0.401369199999999,0.5295006,0.657985000000002,0.79521,0.9385088,1.128211,1.342274,1.69398199999999,5.6855
"33589424_XShirleyLiu_CancerDiscov_2021_B16F10_M1.negScreen.PDL1.high_Sorting_SKCM.txt",-0.0499830617918633,-0.0489296411316609,-0.0479558859374374,-0.0469382125833071,-0.045692726267036,-0.0445398546516662,-0.043623595247278,-0.0426011142882053,-0.041661395940464,-0.0407976372407284,-0.0397179621376563,-0.0388210435141809,-0.037781773656141,-0.0366338261432247,-0.0356735429363325,-0.0347277525893879,-0.033744375502225,-0.0327087144355755,-0.031656143209897,-0.0306806925021811,-0.0295222166506574,-0.028317059175577,-0.0274405959155411,-0.0265092126342933,-0.0254970031231642,-0.0246445884782588,-0.0236823402147274,-0.0226236500199884,-0.0215243306406773,-0.0206036560460925,-0.0196817452320829,-0.0186237641964108,-0.0177352603143081,-0.0167490608263761,-0.0157842406285927,-0.0147524621099001,-0.0137012884877622,-0.0127368204493541,-0.011663062245585,-0.0107127119462238,-0.00960396570153534,-0.00853208587679546,-0.0074954677268397,-0.0064863763266476,-0.00549099103081972,-0.00450819265679456,-0.00358333067269996,-0.00249205173982772,-0.00152083038771525,-0.000582420424791054,0.0117155,0.03226989,0.05249348,0.06959952,0.0866232,0.1068375,0.1252876,0.1424686,0.1576508,0.1763939,0.19363,0.2126281,0.2287802,0.2493722,0.2676976,0.2856925,0.2999758,0.31987,0.3380464,0.3584598,0.376133,0.3967246,0.4144372,0.43363,0.4499116,0.4671475,0.4871392,0.5079417,0.5312536,0.5527731,0.574742,0.5981205,0.6222276,0.6474917,0.6712476,0.699109,0.7277602,0.755937,0.7873492,0.8189545,0.857548,0.8937187,0.9413052,0.9888572,1.037874,1.097275,1.1631,1.245537,1.36972,1.58609399999999,3.6725
"33589424_XShirleyLiu_CancerDiscov_2021_B16F10_M1.posScreen.MHCI.low_Sorting_SKCM.txt",-6.2486,-0.5705418,0.000472521048039196,0.000978621894610117,0.00146094092307612,0.00199830269790254,0.00245888383849524,0.00298915451182984,0.00347760055446997,0.00395147958048619,0.00442862435942515,0.00494737135677132,0.00545006045512855,0.00594890499825124,0.00649640562105924,0.00702164266258479,0.00747524035582319,0.00800925537140574,0.00852287654927932,0.0090865545849083,0.00954793613171205,0.0101424044396263,0.0107105721363332,0.0112309420637321,0.0116687288042158,0.0122421580512309,0.012806134310551,0.0132777348587988,0.0137241321802139,0.0142504164648708,0.0147523163922596,0.0152406050161226,0.0157698126644827,0.016243285002769,0.01674810413667,0.0172717212722636,0.017719437180087,0.0182067801221274,0.0186364841957111,0.0191472452806775,0.019689534145873,0.0202515882359585,0.020713383700233,0.0211691334916978,0.0216802693638019,0.0222132982610492,0.0227209073395934,0.0232174242187757,0.0237358150342479,0.0242461119971704,0.0247123777517117,0.0251706150651444,0.0256489517437294,0.0261321233495837,0.0266833913058508,0.0271355163492263,0.0276577073121444,0.0281345166008686,0.0286531100762077,0.0292055618959712,0.0296850162721239,0.0301490821794141,0.0307003289384302,0.0311762889118399,0.0317099548145197,0.0322620976221515,0.0327310150519479,0.0332229120415869,0.0337439773632213,0.0342115415472072,0.0347455278597772,0.0352576376607176,0.0356848050230183,0.0361836351039819,0.0366352532976307,0.0371600442245835,0.0376944039058872,0.0382156572607345,0.0386804800941609,0.0391849524365971,0.0396870987024158,0.0401906559224008,0.0407421556494664,0.0412391923443647,0.0416868799314834,0.0421839846222428,0.0426339061465114,0.0430892443837365,0.0436357752140611,0.0440722814183682,0.0445462108391803,0.0451149699504021,0.0456722701834515,0.0462213176409714,0.0467793249520473,0.0473196022229968,0.0478097088141367,0.0483426636725198,0.0488654255550355,0.0494564121817238,0.0499972726334818
"33589424_XShirleyLiu_CancerDiscov_2021_B16F10_M1.posScreen.MHCI.low+PDL1.low_Sorting_SKCM.txt",-6.3549,-1.377219,-0.8008444,-0.2826246,0.000265727319289,0.000828972589224578,0.00132645884109661,0.00187341492029372,0.00235913474671543,0.00286465564218815,0.00342053018976003,0.00392599010071717,0.00440496939048171,0.00494077984325122,0.00542605328257196,0.0059527520876145,0.00651576635893435,0.00704188739159145,0.00753476500161923,0.00805812256108038,0.00859108865028248,0.00916209685744252,0.00965605965955183,0.0102203172693262,0.0108127328129486,0.0113563567603705,0.0118368353932164,0.0123695328779286,0.0129415924060159,0.0133960232600802,0.013910754622193,0.0144381167363608,0.0149639622811228,0.0154498684646096,0.0160059538912028,0.0164912666077726,0.0169991719122044,0.0175330247944221,0.0179799598930404,0.0184855300692143,0.0189210219983943,0.0194976962186629,0.0199883714511525,0.0205679049360333,0.0210215265168809,0.0215361891704379,0.0220828423360362,0.0225889624517877,0.0231013407320716,0.0236597693160875,0.0241535896086134,0.0246207134500146,0.0250851402706466,0.025565835922258,0.0260496425202582,0.0266310220147716,0.0270430390252732,0.0276170927004424,0.0281065113730729,0.0286196867534891,0.0291960232355632,0.0296823457782157,0.0301613531152252,0.0307317738223355,0.0311951065710746,0.0317460342403501,0.0323022699248977,0.0327678603959503,0.0332996852430515,0.0338126891683787,0.0342994331964292,0.0348551573106088,0.0353482769937255,0.0358022517508362,0.0363014355534688,0.0367973190877819,0.0373033707756549,0.0378856211761013,0.0384208221205045,0.0388991436060751,0.0393855317868292,0.0398893168951617,0.0404548489660956,0.0409653821799439,0.0414564522681758,0.0419415583950467,0.0424500346374698,0.0429176058644662,0.04342728337273,0.043947131403489,0.0443997030612081,0.0449266015973407,0.045550708482042,0.0461168661179254,0.0466177110895515,0.0472394036687911,0.0477401388883591,0.048296268656035,0.0488345402029809,0.0494425296803238,0.0499972726334818
"33589424_XShirleyLiu_CancerDiscov_2021_B16F10_M1.posScreen.PDL1.low_Sorting_SKCM.txt",-5.565,-1.477716,-0.9203598,-0.4742457,-0.0503326799999999,0.000512209979933687,0.00103617096808739,0.00156000956159551,0.00208969114348292,0.00257968790829181,0.00313835340901278,0.00364351904438809,0.00417626906745136,0.00466166362946387,0.00518984967097641,0.00570805274881422,0.0062523290249519,0.00677918527310249,0.00727144741592929,0.00779831946932245,0.00832096627913415,0.00888426671631168,0.00938536048028618,0.0100159421873977,0.0105720358504914,0.0111145602306351,0.0115935044221114,0.0121221085956786,0.0127311456794851,0.0132209819871932,0.013700207307702,0.0142389809502056,0.0147509159357287,0.0152521625329973,0.0157848563871812,0.0162723731173901,0.0167825622111559,0.017305856639985,0.0178170495496597,0.0182790772630833,0.0187432548054494,0.0192539849799359,0.0197846484691836,0.0203970718218479,0.0208544866540469,0.0213729075359879,0.0218582093161531,0.0224087375110248,0.022928857576102,0.0234684303022223,0.0239839635789394,0.0244869740491268,0.0249485846268944,0.0254240386179881,0.0259027937923092,0.0264613130065846,0.0269428770178929,0.027463330709259,0.0279899820045102,0.0284485228937119,0.0290531964343973,0.0295646843042923,0.0300563884139992,0.0305694993991638,0.0310914233364165,0.0316218298801687,0.0321649750517681,0.0326961195642361,0.0332020435188897,0.0337367495590589,0.0342071077472065,0.0347655271978583,0.0352836776976474,0.0357258266529534,0.03624205667153,0.0366973667027196,0.0372457047202624,0.0378167310283752,0.038358092517592,0.0388316287789494,0.0393137830286287,0.0398511528123636,0.0404006459140219,0.0409167574549792,0.0414137606876902,0.0418962346325862,0.0424147947982419,0.0428721222931053,0.0434093940914608,0.0439201839504531,0.0443785912333988,0.0448984890065622,0.0455129222171381,0.046090016328264,0.0465950193053577,0.0472176260518609,0.0477369347247295,0.048296268656035,0.0488345402029809,0.0494425296803238,0.0499972726334818
"33589424_XShirleyLiu_CancerDiscov_2021_B16F10_M2.negScreen.MHCI.high_Sorting_SKCM.txt",-0.0499972726334818,-0.0494425296803238,-0.0488345402029809,-0.048296268656035,-0.0477369347247295,-0.0472176260518609,-0.0465950193053577,-0.046090016328264,-0.0455129222171381,-0.0448984890065622,-0.0443785912333988,-0.04391585096973,-0.0434070513718761,-0.0428567037868779,-0.0423941265505273,-0.0418838451791089,-0.0414061957998201,-0.0408986875610426,-0.0403922121368815,-0.0398334397478029,-0.0392987163853832,-0.0387953516897978,-0.0383211529611144,-0.037782959552249,-0.0372129522170872,-0.0366622662229929,-0.0361856824802235,-0.0356775622436544,-0.0352421180112287,-0.0347299156320514,-0.0341477344103623,-0.0336913157780655,-0.0331696757911705,-0.0326271068430505,-0.0321139615832362,-0.0315467583452119,-0.0310272484538145,-0.0304800055895466,-0.0299968932699412,-0.0295089520901674,-0.0289642064366489,-0.0283580454984913,-0.0279060573091265,-0.0274133862133603,-0.0268849396463483,-0.0263923776429147,-0.0258452440197579,-0.025334364701761,-0.0248596692648717,-0.0244352896425407,-0.0238801032246556,-0.0233956582121318,-0.0228336897655391,-0.0223113369452767,-0.021780242904555,-0.0212703354062978,-0.0207662824271247,-0.0203027828759514,-0.0197092417245731,-0.0191611796155339,-0.0186431637313217,-0.0182010971478885,-0.0176802333465312,-0.0172235246954951,-0.0166890727863647,-0.016179806709988,-0.0156693379196804,-0.015133258508984,-0.0146084067421034,-0.0140920791467652,-0.0135724789882079,-0.0131215606793994,-0.0126169568714686,-0.0120219776961021,-0.0114755644756369,-0.0109819510631496,-0.010426451948937,-0.00986087068042252,-0.0092685922095552,-0.00872581457486376,-0.00819604739313945,-0.00765734831383452,-0.00717424438078887,-0.00661528288607951,-0.00608136427588761,-0.00558048629725817,-0.00504271111078561,-0.0045135125835659,-0.00401970333652571,-0.00349247445748188,-0.00296201568213292,-0.0024104575526435,-0.00194713185913861,-0.0014158382276073,-0.000870464334730059,-0.00029975345474668,0.2061788,0.677319299999995,1.100352,1.653691,3.9939
"33589424_XShirleyLiu_CancerDiscov_2021_B16F10_M2.negScreen.MHCI.high+PDL1.high_Sorting_SKCM.txt",-0.0499972726334818,-0.0494373820796609,-0.0488143215968739,-0.0482838945740368,-0.0476854066844099,-0.047147883278667,-0.0465246259337291,-0.046008581578848,-0.0454095855816267,-0.0448192676765612,-0.044291626230115,-0.0438112089282367,-0.043265563451685,-0.0427623160817893,-0.0422645404264331,-0.0417430270824115,-0.0412630053628236,-0.0407611329959473,-0.0401924985696096,-0.0396614603427006,-0.0391280655097217,-0.0386210966708604,-0.03809862769139,-0.037533097132924,-0.0369583158730529,-0.0364633800112643,-0.0359671903029084,-0.0354653709235136,-0.0350151848327369,-0.0343921835017391,-0.0338902002456598,-0.033369838078972,-0.0328351989467628,-0.0323323368856218,-0.0317812905968167,-0.0312114419654244,-0.0307336314534769,-0.0301487686799373,-0.0296490591722541,-0.0291689873024589,-0.0285337695851922,-0.0280387567224679,-0.027558289301116,-0.026984800344333,-0.0265020178323611,-0.0259228822466684,-0.0254313337015919,-0.0249441320875194,-0.0244716003332287,-0.0239410328108352,-0.0234330970211886,-0.0228566768869059,-0.0223296918594278,-0.0217961532962508,-0.0212760148455854,-0.0207657562056556,-0.0202931524803862,-0.0196916143404087,-0.019099935303675,-0.0185957574512577,-0.0181415870250203,-0.0176299306156579,-0.0171659538799431,-0.0166240743786329,-0.0160871278340928,-0.0155962894018739,-0.0150621573885437,-0.014520466970047,-0.0139964730488136,-0.0134767770200269,-0.0129993403528352,-0.012432312348159,-0.0119094782350585,-0.0113779079822125,-0.010833073978778,-0.0102606044907588,-0.00968117498466745,-0.0091576051642187,-0.00856469578575342,-0.00803654524730519,-0.00749548545572906,-0.00699662918481044,-0.00645754623343236,-0.0058565876497887,-0.00534913423750549,-0.00484099522524048,-0.00432614491204731,-0.00377786166837904,-0.00327419365709648,-0.00272656607942189,-0.00216567118884995,-0.00165690739057027,-0.00107868441753089,-0.000570882401894773,0.00190439200000115,0.2955635,0.534708,0.7821376,1.093034,1.52093799999999,4.3561
"33589424_XShirleyLiu_CancerDiscov_2021_B16F10_M2.negScreen.PDL1.high_Sorting_SKCM.txt",-0.0499830617918633,-0.0489654436039272,-0.0480426013302058,-0.0470622888080543,-0.0458469926598482,-0.0448150158580393,-0.0438444797256961,-0.0429251248749206,-0.04204489316931,-0.0411827344155172,-0.0403068611910567,-0.0392993485570187,-0.0383312194398605,-0.0372820319202729,-0.0363128155567684,-0.0353428758156952,-0.0343659781990573,-0.0334632404284785,-0.0324836151713971,-0.0314648210795131,-0.0304112545610406,-0.0294134567362489,-0.0282280743862502,-0.0274339330085786,-0.0265097556323745,-0.0255128731019795,-0.0247003231905401,-0.0237693294932833,-0.022804014344234,-0.0217812232030555,-0.0208239934837911,-0.0198853826740523,-0.0189069658373483,-0.0180566039641854,-0.0172332471201662,-0.0161807049356867,-0.0152790107945912,-0.0142507379857125,-0.0133184151337482,-0.012287388179684,-0.0114041358046234,-0.0104199194849935,-0.0093804124253802,-0.00837173580541276,-0.0074027957264334,-0.0064294804353267,-0.00542097200453281,-0.00446112010988871,-0.0035671564862132,-0.00254004221246578,-0.00160776241100393,-0.000717763206572269,0.01463612,0.05883752,0.0956970000000001,0.1370505,0.178158,0.214036500000001,0.2499518,0.2889018,0.323554,0.3548773,0.3898,0.42049,0.4591356,0.4887455,0.5203158,0.5506398,0.5804592,0.6177988,0.653035,0.6883258,0.7195924,0.7476126,0.7742826,0.8018525,0.8364884,0.86999,0.9016878,0.9358456,0.968926,1.003202,1.039144,1.0734,1.114564,1.153665,1.198118,1.236308,1.281288,1.330676,1.37669,1.426844,1.48076,1.543524,1.614648,1.692465,1.787472,1.905574,2.039674,2.324458,3.786
"33589424_XShirleyLiu_CancerDiscov_2021_B16F10_M2.posScreen.MHCI.low_Sorting_SKCM.txt",-5.6724,-1.358489,-0.128157999999999,0.000497265936573969,0.00101982374303043,0.00153301593614742,0.00204382486408576,0.0025211441940628,0.00304716948792338,0.00355580953881145,0.00403999462374486,0.00454082332726102,0.00506667785858736,0.00558101227821316,0.00607574606430716,0.00659318742458708,0.00714961149124429,0.00759688472154085,0.00812452941318043,0.00868925467715599,0.00921145402826369,0.00974136290128808,0.010296003176365,0.0108652192103909,0.0113912505470216,0.0118896665197098,0.0123940399652347,0.0129474724793108,0.0134118804824538,0.0139200729870936,0.0144378594367299,0.0149542898380896,0.0154407958476804,0.0159860116785858,0.0164647898869589,0.0169417307671392,0.0174984275205061,0.0179487352623837,0.0184303750172257,0.0188768463840243,0.0194330682605505,0.0199040552044753,0.0204912509012501,0.0209326859695139,0.021449009925127,0.0219529832107946,0.0224792627759743,0.0230077045270009,0.0235354999070988,0.0240262726607034,0.0245198505930602,0.0249636963139055,0.0254564114306122,0.0259167528348044,0.0264592580737081,0.026930598851759,0.0274569087871351,0.0279601052004146,0.0284070591470227,0.0289936073070858,0.0295112340059131,0.0299832545005483,0.0304500108791981,0.0310046263714321,0.0315193572374992,0.0320701299246866,0.0325748903560452,0.033089930844144,0.0335755741787143,0.0340504967001034,0.0345887395367027,0.0351253311783075,0.0355623597702943,0.0360668391813524,0.0365467986406293,0.0370163338986459,0.0375465074703097,0.0380925486487104,0.038584201663034,0.0390762220047181,0.0395619608392007,0.0400890289058443,0.0406390728857368,0.0411266674097861,0.0416207160949707,0.0420975772413658,0.0425733614999335,0.0430134817924118,0.0435764363082126,0.0440203169761226,0.0444709952780977,0.045058795508463,0.0456289726835676,0.0461807861942798,0.0467360293332022,0.0472880047996295,0.0477914983830414,0.0483353492434835,0.0488558395223226,0.0494480543904938,0.0499972726334818
"33589424_XShirleyLiu_CancerDiscov_2021_B16F10_M2.posScreen.MHCI.low+PDL1.low_Sorting_SKCM.txt",-6.1366,-1.475787,-1.179358,-0.9721981,-0.8426532,-0.7188245,-0.6243416,-0.5000625,-0.3978064,-0.2965445,-0.192884,-0.1142128,-0.0220986,0.000503903999691828,0.00106298424769193,0.00167603858688381,0.0022182320682332,0.00279107268026565,0.00339452114747837,0.00393728652514983,0.00446286745602265,0.00501128149905708,0.00558493729075417,0.00614562800573185,0.00677139774989337,0.00735497069836128,0.00793649564753287,0.00851330860005691,0.00913910406688228,0.00970946040353738,0.0103100509964861,0.0109409027752699,0.0114613987128251,0.0120396937858313,0.0126843805389944,0.0132059023785405,0.0137180231260136,0.0142930127294967,0.0148503769675735,0.0153987698905403,0.0159959984500892,0.0165046219681389,0.0171082617286593,0.0176150164236315,0.0181633159001358,0.0186554109834833,0.0192036817590706,0.0197860182719305,0.020467389639467,0.0209679365350167,0.0215269146719947,0.022109285173472,0.0227032282492146,0.0232484241586644,0.023818573212251,0.0244263306865469,0.0248908621571027,0.0253986115626758,0.02593379794457,0.0265760231475578,0.0271108519821427,0.0276811037365114,0.0281838834406808,0.0288011746729025,0.0294371823114343,0.0299903532426106,0.0305545191697311,0.0311044506608742,0.0317199872615747,0.0323096852715825,0.0328368511190638,0.0334186736668925,0.0339515437404625,0.034502295452985,0.0351470134290866,0.0356251031247666,0.0361754279476591,0.0366789912158856,0.0372526054931805,0.0378947121505625,0.0384721966576763,0.0390089461873286,0.0395692735235207,0.0401576544636628,0.0407586610531434,0.0412878492742311,0.0417875927248969,0.0423236934305169,0.0428401045254432,0.0434102675658651,0.0439507196540945,0.0444554992052727,0.0451151028308086,0.0457257121045841,0.0463311224943027,0.0469970745086903,0.0475516198533587,0.0481597560225055,0.0487242835739162,0.0493688992594834,0.0499972726334818
"33589424_XShirleyLiu_CancerDiscov_2021_B16F10_M2.posScreen.PDL1.low_Sorting_SKCM.txt",-5.0761,-1.502839,-1.10869,-0.8660902,-0.646996,-0.423534,-0.2056914,2.56124985171472e-05,0.000662556580733506,0.00114711551577784,0.00174498197622597,0.0022302280588774,0.00278112783143297,0.00336514404055197,0.00388300279667601,0.00439167535747402,0.00492457443568856,0.00544128835131414,0.00597660403279587,0.00655846175446641,0.00713651286903769,0.00761173482227605,0.00816474751243368,0.00871531026775483,0.00926665186183526,0.00987828063080088,0.0104536824172828,0.0110005710627884,0.0114910940919072,0.0120558621688979,0.0126768664072734,0.0131793883974896,0.0136679498404264,0.0142006711204304,0.0147318111837376,0.0152535471256124,0.01579024471296,0.0163085855784593,0.0168066476134118,0.0174107270631939,0.0178757631406188,0.0183506805785001,0.018824950216338,0.0193881888920441,0.0199266084362753,0.0205261524982052,0.0210035558268428,0.0215238636509748,0.0220850022076629,0.0226155014904216,0.0231521864188835,0.0237061928195181,0.0242253284999169,0.0247294367731084,0.0252046587688383,0.0257028847566107,0.0262610973287374,0.0268070880313171,0.0273355741698761,0.0278423709629569,0.0283129434240982,0.0288993943409295,0.0294731603118126,0.0299816251202719,0.030485705500003,0.0310553487023572,0.0315976615282707,0.0321731640577782,0.0327205016356893,0.033228274332243,0.033767624628963,0.0342765664296458,0.0348570863162167,0.0353767285668291,0.0358683995453175,0.0363495268131374,0.0368713981802576,0.0373985546467593,0.037988220789237,0.0385412675023544,0.039053314467892,0.0395505457742838,0.0401039614018519,0.0406729294505203,0.0411859723222442,0.0416823077591834,0.0421956102717668,0.0426911116883857,0.0431747540240176,0.0437271856920561,0.0442541463754606,0.0447770610693842,0.0453285892908461,0.0459543273979798,0.0465100956319366,0.0471187769662356,0.0476783309667371,0.048271491006366,0.0488028991736937,0.0494313843855634,0.0499972726334818
"TBD_XShirleyLiu_TBD_2021_B16F10_M1.negScreen.MHCII.high_Sorting_SKCM.txt",-0.0499830617918633,-0.0489279733694857,-0.0479478440985549,-0.0469360860288143,-0.0456851884713396,-0.0445118031528545,-0.0435974352867343,-0.0425833272774471,-0.0416390469260513,-0.0407759881598177,-0.0397066613519564,-0.038743253924069,-0.0377241025855765,-0.0365990674811183,-0.0356411713135894,-0.0346706623729551,-0.0337163014267571,-0.0326780004218453,-0.0315950127872638,-0.0305718188030878,-0.0294902812922373,-0.028290915948106,-0.0274054192239419,-0.0264727145807119,-0.0254653767673299,-0.0245869873848278,-0.0236377278403379,-0.0225885599569883,-0.02147243482247,-0.0205421572503401,-0.0196361009136308,-0.0185728645643685,-0.0176577571630478,-0.0166749584672507,-0.0157074510713573,-0.0146891521586804,-0.0136339706494473,-0.0126690346702235,-0.0116098259550053,-0.0106449180000927,-0.00949786075856537,-0.00847014031640719,-0.00743810847518035,-0.00640768393012695,-0.0053803033628501,-0.0043922695540823,-0.00348028418817557,-0.00240977340587414,-0.0014014793378301,-0.000448606714606285,0.0111295,0.02765563,0.04393756,0.05960267,0.07460416,0.0916725000000001,0.105774,0.1212091,0.1370326,0.1553802,0.169754,0.188012,0.2032514,0.2170138,0.2347864,0.250324,0.266853,0.2831421,0.2993568,0.3147147,0.329944,0.3468891,0.3644668,0.3825765,0.4004978,0.4185525,0.4370296,0.4578321,0.4774004,0.4965871,0.517898,0.537371,0.5596644,0.5792001,0.5995928,0.621635,0.6435806,0.6666954,0.694254,0.7264466,0.756521,0.7894277,0.8240824,0.861166,0.9076576,0.9577785,1.013296,1.0832,1.18139,1.333434,3.1714
"TBD_XShirleyLiu_TBD_2021_B16F10_M1.negScreen.MHCII.high+PDL1.high_Sorting_SKCM.txt",-0.0499972726334818,-0.049372028217651,-0.0487374884826132,-0.0481759190664161,-0.0475692882477306,-0.0470248961640755,-0.046360136258183,-0.0457682426788378,-0.0451944575994275,-0.0445408198804361,-0.0440231320168823,-0.0435161090054317,-0.0429489036207087,-0.0424355337023735,-0.0418907006408553,-0.0413960009894799,-0.0408547534258105,-0.0403407553777797,-0.0397182967418339,-0.03916126422456,-0.0386086849472485,-0.0380567666154821,-0.0374277394169476,-0.0368785061060917,-0.0363458913178183,-0.035843061216292,-0.0353416974819265,-0.0347830357861239,-0.0341650041169487,-0.033661638950347,-0.0330944599630311,-0.0325428275346058,-0.031934623721987,-0.0313824025314534,-0.0308478952914011,-0.0302286901487969,-0.029689704649616,-0.029167400541366,-0.0285035755215213,-0.0279857748418581,-0.0274540827074088,-0.0268809833843261,-0.0263238237770274,-0.0257379117957317,-0.0252045077201911,-0.0247178985964274,-0.0242051067240537,-0.0236596838150872,-0.0230836972314865,-0.0225194846475497,-0.0219200539868325,-0.0213841102740262,-0.0208285503922962,-0.02032293578994,-0.0196916602889542,-0.0190535735961749,-0.0185428567444905,-0.0180309954971308,-0.0175473232776858,-0.0169583319938975,-0.0164194843219593,-0.0158993541995297,-0.0153341433624737,-0.0147833891996415,-0.0142498788228258,-0.0136760208883789,-0.0131745174245443,-0.0126530733344843,-0.0120052192718722,-0.0114449685877189,-0.0109405366366263,-0.0103136859852821,-0.00971433132095263,-0.00916491931967903,-0.00854529994330369,-0.0079770940094022,-0.00740361029282212,-0.00684917999897152,-0.00626544008753261,-0.00562537996110041,-0.00511115343775599,-0.00457491601293441,-0.00403472152049653,-0.00348918622266501,-0.00292955497791992,-0.00236336627160199,-0.00185516711440869,-0.00124401687667705,-0.000690460350830107,-3.21341298986224e-05,0.106278,0.232276300000001,0.3819824,0.513265900000001,0.636855600000001,0.808850000000002,0.950482,1.136129,1.334596,1.733048,4.8317
"TBD_XShirleyLiu_TBD_2021_B16F10_M1.negScreen.PDL1.high_Sorting_SKCM.txt",-0.0499830617918633,-0.0489346608223859,-0.0479711611953098,-0.0469797675159061,-0.0457341008814983,-0.0446289210714167,-0.0436712916994002,-0.042674464751035,-0.0417596579086967,-0.0409016052673105,-0.039874336028006,-0.0389849546256009,-0.037909562391229,-0.0368031039622147,-0.0358049827325158,-0.0348553277726751,-0.0338587846229784,-0.0328117166692391,-0.0318118578752037,-0.0308520772387273,-0.029692806059029,-0.0285669452380389,-0.0276199379165192,-0.0267168000958627,-0.0256812547831796,-0.0247778945544269,-0.0239302443417255,-0.0228516304391669,-0.0217941980734467,-0.0208181106527336,-0.0198578616068699,-0.0188384121643612,-0.0179687394523062,-0.0170456006217282,-0.0160255080948118,-0.0150323264603503,-0.0139779582167976,-0.0130475255474449,-0.0119868411661591,-0.0110686638355255,-0.0100078352028504,-0.00899054089735728,-0.00785882761352696,-0.0068015184235992,-0.0058118555303663,-0.00484986815019511,-0.00392096961801872,-0.00288395959429908,-0.00189902270771563,-0.000921382565866226,0.00214285,0.02430813,0.04694824,0.06505641,0.0862288,0.105083,0.1267284,0.1436949,0.1644496,0.1834051,0.202378,0.2233462,0.24315808,0.2630561,0.2805608,0.301602,0.3221718,0.3377421,0.3592708,0.377870100000001,0.400859,0.4190084,0.4390808,0.4601195,0.48119,0.5035325,0.5237308,0.5433123,0.5665692,0.5876294,0.61214,0.6352705,0.659372,0.6862549,0.7148964,0.7431305,0.7745728,0.806534,0.838042,0.8754549,0.915832,0.9589321,1.002548,1.043359,1.103548,1.1662,1.242112,1.354758,1.513232,1.732848,4.7526
"TBD_XShirleyLiu_TBD_2021_B16F10_M1.posScreen.MHCII.low_Sorting_SKCM.txt",-1.4439,-0.8842448,-0.7798392,-0.7124411,-0.661198,-0.6163325,-0.5841244,-0.5618906,-0.5378256,-0.5159777,-0.490088,-0.4683907,-0.4515904,-0.4319327,-0.4145318,-0.3988435,-0.3822564,-0.3671459,-0.3534876,-0.340161,-0.327224,-0.31519,-0.304318,-0.2933053,-0.2823872,-0.2728825,-0.2612686,-0.2499733,-0.23775,-0.2265982,-0.215544,-0.2048531,-0.1946592,-0.1843207,-0.1735372,-0.1628295,-0.1532576,-0.1428461,-0.1313604,-0.1204629,-0.109824,-0.1003817,-0.09086242,-0.0815585,-0.07282228,-0.06191795,-0.0527813,-0.04320133,-0.0325836,-0.02324337,-0.011906,-0.00213791099999999,0.000877020920626821,0.00187328704528045,0.00291607402148657,0.00394928362977226,0.00488162166206166,0.00590351654507686,0.00695058966451325,0.00800402621168177,0.00914012999739498,0.0101573240242433,0.0112968653657008,0.0122276789459865,0.0133165218932554,0.0143330333987251,0.0153797917973716,0.0163225979267154,0.0174256713073701,0.0183004390280694,0.0192582724057138,0.0203032846539281,0.0211968435067684,0.0222654354982078,0.0232671076427214,0.0244357367919292,0.0252048073466867,0.0262408822944853,0.0271508652055636,0.0281289548623608,0.0292822263506241,0.0303401665198617,0.0314432263432536,0.0324886989962542,0.0335338547038846,0.0344704463996459,0.0354945518390741,0.0365147489710944,0.0375441355551593,0.0386029485865729,0.039605602286756,0.0406732419440523,0.0415922089782543,0.0425248897207203,0.0435546890473925,0.0444700769992778,0.0456813009725884,0.0469034705370432,0.0479318771511316,0.0489279733694857,0.0499830617918633
"TBD_XShirleyLiu_TBD_2021_B16F10_M1.posScreen.MHCII.low+PDL1.low_Sorting_SKCM.txt",-8.1184,0.000460568127804435,0.000965322196716444,0.00144240730989259,0.00196770524978637,0.00240970139042474,0.00293998677656055,0.00344075301894918,0.00391653605550527,0.00438529482914601,0.00490555300260894,0.00537850113841705,0.00586696711368859,0.00643244747398421,0.00694716660236008,0.0074036740133306,0.00791986987181008,0.00843629054434132,0.00898619252676144,0.00946097479283345,0.0100463366019539,0.0105946627171943,0.0111275482922792,0.0115901093668071,0.012086035002023,0.0126847252890002,0.0131617609874811,0.0136115688773571,0.0140928636733442,0.0145902958089719,0.0150875526329037,0.0156233401572099,0.0160821816711686,0.0165503740115091,0.0170895153870806,0.0175573890050873,0.018020261968486,0.0184967141079251,0.0189267071471549,0.0194939092865679,0.0199655826133676,0.0205328377874103,0.0209690211641136,0.0214676697928226,0.0219990671575069,0.0224945025815396,0.0230104696417693,0.0235370174674317,0.0240149580272846,0.0245063334297156,0.0249516588926781,0.025411107317661,0.0258792111743241,0.0263921216512099,0.0268677915162407,0.0273745218338445,0.0278669812106527,0.0283102125982987,0.0288795277716127,0.0294251530118054,0.029869684218429,0.0303060729287099,0.0308725647919346,0.0313878853140632,0.031880596164614,0.032410977682448,0.032913228447549,0.0333750537583837,0.0338696234431118,0.0343578957716236,0.0348861660179682,0.0353761979941046,0.0358206597384996,0.0363012354529928,0.0367557592368685,0.0372583011543611,0.0378097820943222,0.0383325177403167,0.0387805427662097,0.0392767032071716,0.0397706859302707,0.0403128280133242,0.0408108575181105,0.0413080872748978,0.0417467427905649,0.0422279116977006,0.0426882815442514,0.0431332621407928,0.0436707947994582,0.0441377816729946,0.044604326231638,0.0451683825434884,0.045704372481443,0.0462526890694862,0.0468066006281879,0.0473564775701379,0.0478525424674154,0.0483545366472099,0.0488746178746223,0.0494564121817238,0.0499972726334818
"TBD_XShirleyLiu_TBD_2021_B16F10_M1.posScreen.PDL1.low_Sorting_SKCM.txt",-6.2435,-1.965089,-1.731008,-1.565221,-1.460532,-1.379375,-1.314548,-1.249612,-1.188872,-1.143544,-1.10277,-1.065169,-1.020796,-0.9812418,-0.9488606,-0.9186365,-0.880514,-0.8545858,-0.8283126,-0.79557,-0.766384,-0.7368188,-0.711454,-0.6854755,-0.6608492,-0.6349375,-0.6096564,-0.5856165,-0.5605456,-0.5330782,-0.510744,-0.4895647,-0.4678024,-0.4454766,-0.42144,-0.4005195,-0.3764328,-0.3517122,-0.3249292,-0.3034405,-0.27596,-0.2508553,-0.226859,-0.2001749,-0.17735,-0.1473705,-0.1199678,-0.0929030199999996,-0.06692756,-0.04009588,-0.0102165,0.000756037966930306,0.00169828676385805,0.00266237884131261,0.0036879720420111,0.00463591327017639,0.00560984862735495,0.00657582660357003,0.00761072857701219,0.00870381121942773,0.00974722297396511,0.0108242911208654,0.0118069377043284,0.0128391418685206,0.0137934472975321,0.0148637224856066,0.0158705393776763,0.0168203815675806,0.0178290737485513,0.0187245951856021,0.019726144655142,0.0206653984311269,0.0216094248606823,0.0227216077692574,0.0237336865731049,0.0247126346628647,0.0255638367757201,0.0266161807570606,0.0275228697685525,0.0284319388610311,0.0295956972776912,0.0307643011378823,0.0317232805714012,0.0327344277710654,0.0337709284732118,0.0347669242793927,0.0357298424963374,0.0366936811998021,0.0378224677541293,0.038874907618505,0.039764339044923,0.0408335982387653,0.0416918275123462,0.0426263710710919,0.0436331547554582,0.0445718609093456,0.0457080645463429,0.0469422468460398,0.0479558859374374,0.0489296411316609,0.0499830617918633
"TBD_XShirleyLiu_TBD_2021_B16F10_M2.negScreen.MHCII.high_Sorting_SKCM.txt",-0.0499830617918633,-0.0489346608223859,-0.0479666042502504,-0.0469619000254898,-0.0457185316476971,-0.0445974320813548,-0.043647033089539,-0.0426423746296205,-0.0417262067678384,-0.0408732039843453,-0.0398236913990695,-0.0389072124346858,-0.0378628471456468,-0.0367308759141015,-0.0357706170058809,-0.034805059467908,-0.0338235133532435,-0.0327621960651595,-0.0317826384997461,-0.0308177950580138,-0.0296648694737814,-0.028505116062006,-0.0275749861605,-0.026689169717487,-0.0256506270258687,-0.0247595600812929,-0.0238617292239796,-0.0228135184389539,-0.0217393928491511,-0.020764599007438,-0.0197887841262855,-0.0187996133075794,-0.0179354033195414,-0.0169378570694244,-0.0160090119538363,-0.0149599319935078,-0.0139219797682017,-0.012950203546905,-0.0119264109216164,-0.0109942655680934,-0.00987256104825064,-0.00888589287863578,-0.00777199103473686,-0.00674188690562733,-0.00573013461893424,-0.00478441241604742,-0.00383783224830404,-0.00280171706317922,-0.0018188864281401,-0.000854645400191656,0.0020997,0.01284413,0.02267276,0.03284269,0.0437301,0.05260905,0.0643064,0.0749678900000003,0.08448806,0.09352181,0.105616,0.1155796,0.1262108,0.1370415,0.14789,0.1589515,0.1723774,0.1827207,0.1930324,0.2046388,0.216274,0.2280501,0.2407232,0.2545199,0.2664462,0.277825,0.2908648,0.301907,0.31605,0.3309936,0.34649,0.3594203,0.3746354,0.3892444,0.405216,0.41939,0.4377306,0.4537881,0.4737328,0.4926045,0.509978,0.5349087,0.5563748,0.5827871,0.6172714,0.655368,0.6991528,0.7584174,0.8355026,0.956694099999999,2.5536
"TBD_XShirleyLiu_TBD_2021_B16F10_M2.negScreen.MHCII.high+PDL1.high_Sorting_SKCM.txt",-0.0499830617918633,-0.0489747092823963,-0.0480519788060337,-0.0471163631816162,-0.0459282189793885,-0.0448981441755313,-0.0439770120203029,-0.0430606780186063,-0.0421890204348601,-0.0413290685012471,-0.0405300081311726,-0.0395370715408354,-0.0385896054161712,-0.0375707573012915,-0.0365737250044477,-0.0357107378798537,-0.0347728162682615,-0.0338586201323196,-0.0329065421307459,-0.031910476521356,-0.0309666034323164,-0.0299677001003874,-0.0288757660321425,-0.0279001917117275,-0.0270071108280681,-0.026151980087161,-0.0251865043179132,-0.0244632310922025,-0.0234808441447094,-0.0225451301693683,-0.0215108826279174,-0.0206268241379876,-0.0197343937805854,-0.0187715377873974,-0.0179396320625674,-0.0170889654452912,-0.0161016427301802,-0.015175344503019,-0.0141937343911268,-0.0132891415802296,-0.0122857424663379,-0.0114062842121348,-0.0104740558865015,-0.00946886666445062,-0.00851587232016027,-0.00752522449591197,-0.006551604203647,-0.00561131553747691,-0.00466979279275984,-0.00374357129458803,-0.00279970085830428,-0.00188671151374001,-0.000962405440397557,0.00749093200000001,0.138218,0.256336000000001,0.3445268,0.44077,0.5297506,0.6360314,0.7346,0.8138291,0.8994398,0.977985695,1.048352,1.12673,1.1918,1.252447,1.323268,1.3803,1.44327,1.502391,1.557,1.6158965,1.682424,1.734875,1.79008,1.8352,1.889176,1.952254,2.01058,2.065008,2.122744,2.174143,2.221964,2.288425,2.35196,2.410327,2.470496,2.5325,2.60612,2.675321,2.741816,2.811953,2.895076,2.9851,3.093228,3.226537,3.403232,3.67056299999999,5.5608
"TBD_XShirleyLiu_TBD_2021_B16F10_M2.negScreen.PDL1.high_Sorting_SKCM.txt",-0.0499830617918633,-0.0489654436039272,-0.0480426013302058,-0.0470622888080543,-0.0458469926598482,-0.0448150158580393,-0.0438444797256961,-0.0429251248749206,-0.04204489316931,-0.0411827344155172,-0.0403068611910567,-0.0392993485570187,-0.0383312194398605,-0.0372820319202729,-0.0363128155567684,-0.0353428758156952,-0.0343659781990573,-0.0334632404284785,-0.0324836151713971,-0.0314648210795131,-0.0304112545610406,-0.0294134567362489,-0.0282280743862502,-0.0274339330085786,-0.0265147312763147,-0.0255180407810258,-0.024705182334641,-0.0237851737849414,-0.0228045651288703,-0.0217927810184192,-0.0208278959756717,-0.0198908105683513,-0.0189093544827774,-0.0180593444174155,-0.017243666630704,-0.0161875743069686,-0.0152836139239371,-0.0142530681804056,-0.0133264598348178,-0.0122976826326921,-0.011404400204774,-0.0104245391094592,-0.0093851691428572,-0.0083855822258629,-0.00740624011214822,-0.00644527795899194,-0.00545348010445014,-0.00450606021960266,-0.00358995838789269,-0.00255196633737069,-0.00163229670724831,-0.000741837462061082,0.01191368,0.04294133,0.07282604,0.106722,0.1327472,0.1600698,0.1909698,0.2201556,0.249938,0.28549815,0.31063,0.3373475,0.3655892,0.394244,0.4179402,0.443011,0.47079,0.49525,0.528813,0.5551947,0.5850444,0.6136896,0.6433088,0.6751075,0.7033,0.7322855,0.7629236,0.792968,0.827296,0.857305,0.8881244,0.9193775,0.952744,0.990213,1.025212,1.065127,1.097748,1.14489,1.18934,1.229355,1.279832,1.337077,1.403948,1.476275,1.56458,1.669955,1.81977,2.08708199999999,5.5072
"TBD_XShirleyLiu_TBD_2021_B16F10_M2.posScreen.MHCII.low_Sorting_SKCM.txt",-1.4996,-0.7917437,-0.6794664,-0.6200639,-0.5712268,-0.527145,-0.4964422,-0.4683012,-0.4432644,-0.4209811,-0.400394,-0.3804069,-0.3634488,-0.3488254,-0.3347718,-0.3206925,-0.30749,-0.2962086,-0.2844442,-0.2740417,-0.26258,-0.251418,-0.240187,-0.2287204,-0.2196192,-0.209465,-0.19895,-0.1895499,-0.1797504,-0.1711673,-0.161339,-0.1526139,-0.1443312,-0.1358707,-0.1266648,-0.11764,-0.1101844,-0.1021315,-0.0941228599999999,-0.0847105999999999,-0.07687,-0.06873745,-0.05998154,-0.05181672,-0.04421808,-0.03621715,-0.02770604,-0.02097294,-0.0133364,-0.004948559,0.000486982840811834,0.00141055197280366,0.00240917897550389,0.00342197083530482,0.00436807718453929,0.00535023398522754,0.00632782852696255,0.00736153858900071,0.00835127251804806,0.00938285810942762,0.0104495260422118,0.0114270381950773,0.0123431231325958,0.0133819754801225,0.0144108342016116,0.0154306222288869,0.0163849081408698,0.0174551423052326,0.0182984386417083,0.0191941528759198,0.0202415008493699,0.0210960692967055,0.0221079592136666,0.023132738244487,0.0242552598058246,0.0249991287302692,0.0259751000022515,0.0269272627659375,0.0278415774384048,0.0288237081473926,0.0299696374568157,0.0309873090047622,0.0320249610878527,0.0330503621273674,0.0339720588875935,0.035060371857835,0.0359614389911294,0.036948127615382,0.0380357437781058,0.0390678783736658,0.0400042557064444,0.0410156426428584,0.041831792251207,0.0427701161280275,0.0437284557195381,0.0447245721163927,0.0457668955260888,0.0470192084936425,0.0479930098904297,0.0489406069044489,0.0499830617918633
"TBD_XShirleyLiu_TBD_2021_B16F10_M2.posScreen.MHCII.low+PDL1.low_Sorting_SKCM.txt",-5.3126,0.000406330845435153,0.000913074092473835,0.00141717494372278,0.00191255086939782,0.00238490592804737,0.00287917131674476,0.00341829414630775,0.00386656598374247,0.00434952327399515,0.00486490254756063,0.00534696833661292,0.00583865191601217,0.00640290695859585,0.00690182799403556,0.00737523119023535,0.0078766255970113,0.00837991450715344,0.00893655248172581,0.00941314482747112,0.0100161962513812,0.0105579162936192,0.0110971435813699,0.0115486474919598,0.0120556731633842,0.0126509662921307,0.0131271707566921,0.0135538236133289,0.0140562182012945,0.014555896423757,0.015064438180998,0.0155797855760902,0.0160445267371834,0.0165268065801356,0.0170279574613087,0.0175375837140018,0.0179892733101733,0.0184711878823582,0.0189011382157915,0.0194556194229517,0.0199381145648659,0.0205012779429089,0.0209459465544205,0.0214435688192025,0.0219405262712389,0.0224561462353449,0.0229759314639959,0.0234851681684377,0.023986779470928,0.0244834974168334,0.0249177715799305,0.0253838647042867,0.0258461414803751,0.0263701943493215,0.0268498064086307,0.0273568192974199,0.0278466258975677,0.028292283949675,0.0288575113425031,0.0293943421372678,0.0298511968064122,0.0302947007224429,0.0308655934496783,0.0313685899022966,0.0318588471696712,0.0324006534315413,0.0329033726751804,0.0333709044144489,0.0338585026389919,0.0343463131391909,0.0348731497419067,0.035367819341016,0.0358050169865601,0.0362957107403782,0.0367384021126199,0.0372538190335036,0.0377973727085628,0.0383235302895773,0.0387693565862719,0.0392614117775811,0.0397636610991322,0.0402871567343827,0.0407990699997172,0.0412986429585144,0.0417329351636581,0.0422211577004055,0.0426789493476972,0.0431321294639492,0.0436673222943209,0.0441344325499376,0.044597058056388,0.0451635865529533,0.0456999548831955,0.0462457536302973,0.0468044336880558,0.0473560371034546,0.0478426739056595,0.0483545366472099,0.0488746178746223,0.0494564121817238,0.0499972726334818
"TBD_XShirleyLiu_TBD_2021_B16F10_M2.posScreen.PDL1.low_Sorting_SKCM.txt",-5.5392,0.000507207620656116,0.000996003005187957,0.0015002613280667,0.00201752334972843,0.00247096171486191,0.00299408161756582,0.00347896821238101,0.00395073285978288,0.00442121434537694,0.00494410850224085,0.0054171512403991,0.00591362940426916,0.00646961267793085,0.00697620551148429,0.00743764230515808,0.00796547671221197,0.00847583851742093,0.00901597951725125,0.0094981772012543,0.0100903196074069,0.0106400413936935,0.0111682163833175,0.0116143795524258,0.0121233730078675,0.0127196382934926,0.0131904582064599,0.0136425370881334,0.014145425983239,0.0146196788289817,0.0151304185576737,0.0156522292339942,0.0161185493553057,0.0166178560558473,0.0171375281037763,0.0175921017781366,0.0180437211492099,0.0185195907312445,0.018956297249766,0.0195296395386104,0.0199975239671767,0.020568513062899,0.0209972054471727,0.0215019119451754,0.0220425467365422,0.0225310839700978,0.0230465539507568,0.0235861034814734,0.0240362915033475,0.0245348423969699,0.0249845313897822,0.0254528953693807,0.0259009370282293,0.0264145130539546,0.0268934673229232,0.0274131945765112,0.0278889264673926,0.0283237048686715,0.0289002694806549,0.0294438107584137,0.0298959989426657,0.0303467140912544,0.0309117279835046,0.0314120826356811,0.0319060298157856,0.0324291355209426,0.0329438674333506,0.0334198499852791,0.0338888548370451,0.0343812663226854,0.0349144387058914,0.0353935120487585,0.0358483581324108,0.0363103507423075,0.036794658529805,0.0372755696153036,0.0378265689103864,0.0383484717843821,0.0388078843993135,0.0392803177905735,0.0397826955141499,0.0403401827799389,0.0408257951098495,0.0413185643213801,0.0417618231461383,0.0422493772610323,0.0426967601729557,0.043146289861179,0.0436773499636911,0.0441506867973367,0.0446123038360383,0.045176053392468,0.0457118178051897,0.0462581504307454,0.0468098273456563,0.0473661629232811,0.0478623587666079,0.0483613596259383,0.0488801048616879,0.0494635248812847,0.0499972726334818
