"","autoQC","numGenes","QC","shapiro_W_neg","shapiro_p_neg","shapiro_W_pos","shapiro_p_pos","#_neg","ratio_neg","#_0","ratio_0","#_pos","ratio_pos","95%","99%","1_SD_neg","2_SD_neg","3_SD_neg","4_SD_neg","1_SD_pos","2_SD_pos","3_SD_pos","4_SD_pos","controlGene_median_rank"
"26189680_AvivRegev_Cell_2015_BMDCs_TNF_EX1_Sorting_DC","pass",22491,1,0.97150655200621,1.98531836663814e-30,0.963810332622734,1.20823532995813e-33,11771,0.523364901516162,0,0,10720,0.476635098483838,3.2405,4.21137,0.161131119114312,0.336756924992219,0.473789515806323,0.515672935841003,0.162865146058423,0.326530612244898,0.436619092081277,0.470766084211462,0.0339691432128407
"26189680_AvivRegev_Cell_2015_BMDCs_TNF_EX2_Sorting_DC","pass",22499,1,0.850800341288003,3.51093028738095e-56,0.858567934830821,3.19523957145884e-55,11230,0.499133294813103,0,0,11269,0.500866705186897,1.75222,2.73815,0.262722787679452,0.416996310947153,0.472243210809369,0.490466242944131,0.268456375838926,0.416551846748744,0.473043246366505,0.492021867638562,0.108738166140717
"26189680_AvivRegev_Cell_2015_BMDCs_TNF_EX3_Sorting_DC","pass",22507,1,0.798372044272075,9.64958669440777e-62,0.875274189456388,5.31899729859266e-53,11386,0.505887057359932,0,0,11121,0.494112942640068,1.13807,1.749122,0.298040609588128,0.437774914471053,0.483271870973475,0.497311947394144,0.252499222464122,0.408095259252677,0.467632292175768,0.486115430754876,0.00797529657439908
"28723893_WNicholasHaining_Nature_2017_B16F10_GVAX_r1_Invivo_SKCM","pass",2463,1,0.753272367205242,2.29311713891658e-39,0.841306669507265,2.27468096400588e-33,1230,0.499390986601705,0,0,1233,0.500609013398295,0.878634,1.490458,0.329273244011368,0.446609825416159,0.479496548924076,0.489240763296793,0.289890377588307,0.42793341453512,0.473406414941129,0.490052781161186,0.0235485180673975
"28723893_WNicholasHaining_Nature_2017_B16F10_GVAX_r2_Invivo_SKCM","pass",2464,1,0.759807453893548,1.20275011111162e-38,0.853029427046213,1.1109868689843e-32,1204,0.488636363636364,0,0,1260,0.511363636363636,0.739091000000001,1.150433,0.326298701298701,0.433847402597403,0.469155844155844,0.480113636363636,0.275568181818182,0.428165584415584,0.484172077922078,0.503246753246753,0.00831980519480519
"28723893_WNicholasHaining_Nature_2017_B16F10_GVAX_r3_Invivo_SKCM","pass",2466,1,0.745619009308211,5.60891078345415e-39,0.84695990118387,1.23260423136688e-33,1168,0.473641524736415,0,0,1298,0.526358475263585,0.6947475,1.144735,0.319140308191403,0.427007299270073,0.452960259529603,0.464720194647202,0.300486618004866,0.442011354420114,0.495944849959448,0.515815085158151,0.0115571776155718
"28723893_WNicholasHaining_Nature_2017_B16F10_GVAX_r4_Invivo_SKCM","pass",2461,1,0.749104770861807,2.14041744745567e-39,0.815730520365862,1.59684111237535e-35,1214,0.493295408370581,0,0,1247,0.506704591629419,0.64399,1.06892,0.320601381552215,0.440471353108493,0.47338480292564,0.485168630637952,0.304754164973588,0.432344575375863,0.4819179195449,0.498171475010158,0.00548557496952458
"28723893_WNicholasHaining_Nature_2017_B16F10_GVAX+aPD1_r1_Invivo_SKCM","pass",2462,1,0.779578421993043,8.43161797349197e-38,0.838765280171808,1.52741580458006e-33,1232,0.500406173842405,0,0,1230,0.499593826157595,0.995560000000001,1.564058,0.308692120227457,0.439480097481722,0.480503655564582,0.4910641754671,0.284321689683184,0.426076360682372,0.471161657189277,0.490658001624695,0.00731112916328188
"28723893_WNicholasHaining_Nature_2017_B16F10_GVAX+aPD1_r2_Invivo_SKCM","pass",2463,1,0.690072210948542,1.69742961315392e-42,0.835298506666186,5.06454934252227e-34,1216,0.493706861550954,0,0,1247,0.506293138449046,0.783382,1.2619,0.347543645960211,0.447827852212749,0.476654486398701,0.484774665042631,0.291108404384896,0.430775477060495,0.484368656110434,0.49654892407633,0.0156313438895656
"28723893_WNicholasHaining_Nature_2017_B16F10_GVAX+aPD1_r3_Invivo_SKCM","pass",2466,1,0.723606206793632,1.2188772381265e-40,0.802846599902622,1.22701196286073e-36,1203,0.487834549878346,0,0,1263,0.512165450121654,0.780875,1.440165,0.329683698296837,0.444038929440389,0.469991889699919,0.478507704785077,0.304541768045418,0.450932684509327,0.48742903487429,0.501622060016221,0.0113544201135442
"28723893_WNicholasHaining_Nature_2017_B16F10_GVAX+aPD1_r4_Invivo_SKCM","pass",2463,1,0.68662990297647,6.38701157016903e-43,0.774887807055178,4.80955168180254e-38,1235,0.501421031262688,0,0,1228,0.498578968737312,0.865125,1.505938,0.347949654892408,0.460008120178644,0.486804709703614,0.492082825822168,0.311408850994722,0.440925700365408,0.478684531059683,0.490864799025579,0.00730816077953715
"28723893_WNicholasHaining_Nature_2017_B16F10_koTCRa_r1_Invivo_SKCM","pass",2466,1,0.770834976185017,3.42087975529299e-38,0.766095843017079,8.19776528907167e-39,1220,0.494728304947283,0,0,1246,0.505271695052717,0.9867725,1.80715,0.309407948094079,0.439578264395783,0.472019464720195,0.48580697485807,0.314679643146796,0.446066504460665,0.484590429845904,0.495539334955393,0.0032441200324412
"28723893_WNicholasHaining_Nature_2017_B16F10_koTCRa_r2_Invivo_SKCM","pass",2464,1,0.718161606773331,1.79015337209087e-41,0.75263837963626,2.84445283494734e-39,1244,0.50487012987013,0,0,1220,0.49512987012987,0.924848000000001,1.853231,0.344967532467532,0.459821428571429,0.488636363636364,0.495941558441558,0.332386363636364,0.445211038961039,0.472808441558442,0.484983766233766,0.00304383116883117
"28723893_WNicholasHaining_Nature_2017_B16F10_koTCRa_r3_Invivo_SKCM","pass",2466,1,0.796605045591164,2.06226309379581e-36,0.712583258276812,6.39685302530822e-42,1210,0.490673154906732,0,0,1256,0.509326845093268,0.7362475,1.372285,0.301297648012976,0.429034874290349,0.464720194647202,0.481751824817518,0.345498783454988,0.461476074614761,0.491889699918897,0.501622060016221,0.00912408759124088
"28723893_WNicholasHaining_Nature_2017_B16F10_koTCRa_r4_Invivo_SKCM","pass",2462,1,0.852640732097212,3.27332694519727e-32,0.823419481915058,6.15355502873791e-35,1216,0.493907392363932,0,0,1246,0.506092607636068,1.158745,1.900839,0.27051177904143,0.413484971567831,0.467506092607636,0.483346872461414,0.302599512591389,0.432981316003249,0.483346872461414,0.497156783103168,0.00385865150284322
"28783722_NicholasPRestifo_Nature_2017_Mel624_EffectT_s1_Coculture-T_SKCM","pass",21526,1,0.743716863847811,2.30100184189456e-66,0.774547065941766,7.13481630259445e-64,11161,0.518489268791229,0,0,10365,0.481510731208771,0.2531125,0.4513825,0.3170119855059,0.465483601226424,0.500836198086036,0.51063829787234,0.30804608380563,0.427994053702499,0.46223171978073,0.473241661246864,0.00408807953172907
"28783722_NicholasPRestifo_Nature_2017_Mel624_EffectT_s2_Coculture-T_SKCM","pass",21526,0,0.817148922723567,6.59537036931109e-60,0.815229943774818,4.21351955886746e-60,10766,0.500139366347673,0,0,10760,0.499860633652327,0.30381,0.525265,0.290160735854316,0.433057697667936,0.480163523181269,0.49224193997956,0.285561646381121,0.432778964972591,0.480024156833597,0.490848276502834,0.169306884697575
"28813417_MarkADawson_Nature_2017_BxPC-3_PD-L1.High.IFNg-_Sorting_PAAD","fail",20451,0,0,1,0.834942014139183,0.0240453698936879,20439,0.999413231626815,0,0,12,0.000586768373184685,-0.00246092589222826,-0.000494961667573079,0.284338174172412,0.575081903085424,0.867096963473669,0.999413231626815,0.000391178915456457,0.000440076279888514,0.000537871008752628,0.000586768373184685,0.226345899955992
"28813417_MarkADawson_Nature_2017_BxPC-3_PD-L1.High.IFNg_Sorting_PAAD","fail",20450,0,0,1,0.946549111765515,0.676424054160026,20442,0.99960880195599,0,0,8,0.00039119804400978,-0.00247214264119974,-0.000504133107373494,0.28440097799511,0.57520782396088,0.867139364303179,0.99960880195599,0.000146699266503667,0.000342298288508557,0.000342298288508557,0.00039119804400978,0.00019559902200489
"29301958_KaiWWucherpfennig_Science_2018_B16F10_OT-I.OVA_Coculture-T_SKCM","pass",19533,1,0.829059953460727,1.16667844045181e-58,0.832117922007808,2.5062242272692e-58,10272,0.525879281216403,0,0,9261,0.474120718783597,0.65615,0.9474128,0.336353862693903,0.448011058209184,0.49465007935289,0.516254543592894,0.221880919469616,0.38514309117903,0.450622024266626,0.468540418778477,0.000332770183791532
"29301958_KaiWWucherpfennig_Science_2018_B16F10_Pmel-1.IFNg-_Coculture-T_SKCM","pass",19378,1,0.559477414931612,1.95773763339776e-77,0.7494062610229,6.33642374190759e-66,9595,0.495149138197956,0,0,9783,0.504850861802044,0.17881,0.3349175,0.342605015997523,0.463515326659098,0.483899267210238,0.489162968314584,0.308803798121581,0.448498297037878,0.485860253896171,0.495407162761895,0.0166167819176386
"29301958_KaiWWucherpfennig_Science_2018_B16F10_Pmel-1.IFNg_Coculture-T_SKCM","pass",19326,1,0.881011267679359,3.51435350044792e-52,0.758405539809827,3.27570996165389e-65,10265,0.531149746455552,0,0,9061,0.468850253544448,0.890195,1.366425,0.298561523336438,0.435579012728966,0.496998861637173,0.522612025250957,0.23884921866915,0.401583359205216,0.453378867846425,0.463468901997309,0.000258718824381662
"29776993_JaneOliaro_SciImmunol_2018_B16F10_koPRF1.OT-I_Coculture-T_SKCM","pass",20599,1,0.860136556694653,5.05235741127461e-55,0.853833443125307,8.21968022232801e-56,10936,0.530899558230982,0,0,9663,0.469100441769018,1.49982,2.46022,0.325209961648624,0.442108840234963,0.498130977231904,0.524006019709695,0.23806980921404,0.394824991504442,0.447740181562212,0.460847613961843,0.0164813825913879
"29776993_JaneOliaro_SciImmunol_2018_B16F10_OT-I_Coculture-T_SKCM","fail",20588,1,0.939691931305944,4.41578443698568e-41,0.767292474668462,1.42632878965602e-32,19763,0.959928113464154,0,0,825,0.0400718865358461,-0.308587499999999,1.546556,0.0775208859529823,0.240577035166116,0.495385661550418,0.932727802603458,0.0267145910238974,0.0352146881678648,0.0382261511560132,0.0392461628132893,0.00160287546143385
"29776993_JaneOliaro_SciImmunol_2018_MC38_koPRF1.OT-I_Coculture-T_COAD","pass",20602,1,0.947008792631754,3.99827309507454e-39,0.928448614130412,9.59991345445377e-44,11442,0.555382972526939,0,0,9160,0.444617027473061,3.299195,4.92094100000003,0.212358023492865,0.374963595767401,0.505679060285409,0.554849043782157,0.180176681875546,0.339724298611785,0.414328705950879,0.435782933695758,0.00677118726337249
"29776993_JaneOliaro_SciImmunol_2018_MC38_NK.10_Coculture-NK_COAD","pass",20552,1,0.920163827207919,1.69833137078548e-45,0.89257244548494,2.00940187366247e-50,10889,0.529826780848579,0,0,9663,0.470173219151421,4.846075,6.49089900000001,0.244745036979369,0.38599649669132,0.500875827170105,0.529778123783573,0.252870766835344,0.377384196185286,0.435432074737252,0.465842740365901,0.0218470221876216
"29776993_JaneOliaro_SciImmunol_2018_MC38_NK.20_Coculture-NK_COAD","pass",20548,1,0.931611355377475,4.95341076406225e-43,0.87641974578895,7.70958414178953e-53,11004,0.535526571929142,0,0,9544,0.464473428070858,4.488155,6.37212,0.224304068522484,0.374294335215106,0.504039322561807,0.535477905392252,0.26396729608721,0.378576990461359,0.427340860424372,0.460385438972163,0.0508565310492505
"29776993_JaneOliaro_SciImmunol_2018_MC38_OT-I+aPD1_Coculture-T_COAD","pass",19632,1,0.957890836448661,9.05429852404556e-36,0.92827328685736,8.78042596512797e-44,11918,0.607070089649552,0,0,7714,0.392929910350448,3.08907,4.44801699999997,0.217145476772616,0.431081907090465,0.557762836185819,0.597137326813366,0.175478810105949,0.3039934800326,0.365729421352893,0.387275876120619,0.153830480847596
"29776993_JaneOliaro_SciImmunol_2018_MC38_TNF_SyntheticLethal_COAD","pass",20632,0,0.789017697509378,1.32940395334915e-62,0.832239941365574,2.58449087994691e-58,10286,0.498545948041877,0,0,10346,0.501454051958123,2.228525,3.77584799999998,0.30636874757658,0.438784412563009,0.475911205893757,0.488949205118263,0.310391624660721,0.430399379604498,0.474844901124467,0.491227219852656,0.28950174486235
"29776993_JaneOliaro_SciImmunol_2018_MDA-MB-231_CAR-T_Coculture-T_TNBC","pass",20101,1,0.923707385862516,9.1298315864138e-45,0.918884055858975,9.39105715103848e-46,10826,0.538580170140789,0,0,9275,0.461419829859211,2.453,3.5926,0.26177802099398,0.416795184319188,0.498084672404358,0.534252027262325,0.207104124172927,0.360728321974031,0.430525844485349,0.453609273170489,0.186906124073429
"30449619_AlexanderMarson_Cell_2018_hCD8T_Essentiality_Essentiality_CD8T","pass",19362,1,0.70092718451216,1.97474917404439e-69,0.845376387696882,7.94576421489804e-57,9330,0.481871707468237,0,0,10032,0.518128292531763,0.172148,0.2579438,0.323571945046999,0.436060324346658,0.464673070963743,0.47371139345109,0.25229831628964,0.421444065695693,0.490186964156595,0.510226216299969,0.000387356678029129
"30449619_AlexanderMarson_Cell_2018_hCD8T_pilot_Essentiality_CD8T","pass",1222,1,0.875390401071384,1.35076758335358e-21,0.893310915344192,2.89391915480965e-20,605,0.495090016366612,0,0,617,0.504909983633388,0.1808625,0.2447377,0.253682487725041,0.405073649754501,0.467266775777414,0.48772504091653,0.247954173486088,0.402618657937807,0.473813420621931,0.5,0.00409165302782324
"30559422_ERobertMcDonaldIII_NatMed_2019_HSC4.shADAR_Doxycycline_SyntheticLethal_HNSC","pass",18906,1,0.88520179506575,1.4647644962192e-51,0.845924959384171,9.21577403739948e-57,9634,0.509573680313128,0,0,9272,0.490426319686872,0.723415,1.090895,0.255950491907331,0.419179096583095,0.481011319157939,0.501269438273564,0.259441447159632,0.416164180683381,0.470168200571247,0.484766740717233,0.0012429916428647
"30890156_NamjinChung_BMCGenomics_2019_MC38_PDL1_Sorting_COAD","pass",19671,1,0.67929579574177,7.67961211482583e-71,0.645193147160573,6.59077857286001e-73,9887,0.502618067205531,0,0,9784,0.497381932794469,0.93098,2.12384,0.324335315947334,0.462203243353159,0.490163184383102,0.496416043922526,0.365868537440903,0.460881500686289,0.480555131920085,0.48782471658787,0.000508362564180774
"31126740_LingyinLi_MolCell_2019_U937_cGAMP_SyntheticLethal_MP","pass",19308,1,0.776411258560283,1.03060765486081e-63,0.723807433450131,7.6733464021896e-68,9382,0.485912575098405,0,0,9926,0.514087424901595,0.7568915,1.281393,0.302724259374353,0.430495131551688,0.464885021752641,0.476590014501761,0.315516884193081,0.454164077066501,0.496012015744769,0.507250880464056,0.000129480008286721
"31303383_DanielSPeeper_Cell_2019_IFNGR1mut.SKCM_MART-1_r1_Coculture-T_SKCM","pass",20474,1,0.723183061827915,6.92067703660733e-68,0.836160319076289,7.01221158539698e-58,9925,0.484761160496239,0,0,10549,0.515238839503761,0.3422535,0.5492288,0.310198300283286,0.429471524860799,0.465907980853766,0.476457946664062,0.276985444954577,0.43836084790466,0.491159519390446,0.506789098368663,0.00957311712415747
"31303383_DanielSPeeper_Cell_2019_IFNGR1mut.SKCM_MART-1_r2_Coculture-T_SKCM","pass",18688,1,0.690669303868756,4.13348026984492e-70,0.798208142573671,9.31404381662055e-62,9053,0.484428510273973,0,0,9635,0.515571489726027,0.319826,0.511665800000001,0.326091609589041,0.440389554794521,0.469499143835616,0.477097602739726,0.288901969178082,0.44162029109589,0.492294520547945,0.507866010273973,0.00690282534246575
"31365872_BenjaminEGewurz_CellRep_2019_DaudiB_CD40_r12_Sorting_B-cell","pass",18625,1,0.751931669098419,9.99626098002708e-66,0.843792239715917,5.19087284101392e-57,9056,0.486228187919463,0,0,9569,0.513771812080537,0.917512000000001,1.449904,0.30910067114094,0.433986577181208,0.467006711409396,0.477422818791946,0.279194630872483,0.431677852348993,0.488429530201342,0.505503355704698,0.000322147651006711
"31365872_BenjaminEGewurz_CellRep_2019_DaudiB_CD40_r34_Sorting_B-cell","pass",18626,1,0.752272835875675,1.06344755994309e-65,0.816802836713287,6.0816007181779e-60,9247,0.496456566090411,0,0,9379,0.503543433909589,0.861995,1.495175,0.309728336733598,0.441318586921508,0.477987759046494,0.488134865242135,0.293353376999893,0.435627617309138,0.480564801889831,0.493772146461935,0.000295286159132396
"31452512_JeffreySettleman_Elife_2019_K562_MHCI_r1_Sorting_LCML","pass",20439,1,0.594279526258517,1.07150236322097e-75,0.65319408133472,1.94083908157401e-72,10321,0.504965996379471,0,0,10118,0.495034003620529,1.18997,2.73853399999999,0.410440823915064,0.471353784431724,0.484319193698322,0.492881256421547,0.360438377611429,0.458045892656196,0.477518469592446,0.485444493370517,0.0115954792308821
"31452512_JeffreySettleman_Elife_2019_K562_MHCI_r2_Sorting_LCML","pass",20418,1,0.597147323384118,1.50963897807829e-75,0.648251903132177,9.93521445129235e-73,10261,0.502546772455676,0,0,10157,0.497453227544324,1.39302,3.56841099999998,0.414536193554707,0.468606131844451,0.481486923302968,0.49054755607797,0.382358703105103,0.4610147908708,0.478744245273778,0.48628660985405,0.00989323146243511
"31452512_JeffreySettleman_Elife_2019_K562_NK-92_r1_Coculture-NK_LCML","pass",20447,1,0.74421813921931,2.51387151003407e-66,0.742439709725424,1.83781551607609e-66,10077,0.492835134738592,0,0,10370,0.507164865261408,0.648634,1.263326,0.301804665721133,0.4349782364161,0.473516897344354,0.484667677409889,0.324057318922091,0.455030077762019,0.487553186286497,0.49743238616912,0.0131804176651832
"31452512_JeffreySettleman_Elife_2019_K562_NK-92_r2_Coculture-NK_LCML","pass",20448,1,0.758855222409841,3.56076474977923e-65,0.738708548332697,9.58201020410402e-67,10172,0.49745696400626,0,0,10276,0.50254303599374,0.6790455,1.287771,0.318955399061033,0.441216744913928,0.478579812206573,0.489632237871674,0.317243740219092,0.450019561815336,0.481611893583725,0.494131455399061,0.00589299687010955
"31509742_JaneOliaro_CellRep_2019_B16F10_MHCI.Low_Sorting_SKCM","pass",19611,1,0,1,0.954643083175093,7.75545543313057e-37,9108,0.464433226250574,0,0,10503,0.535566773749426,0.0450290513981599,0.0489413567259908,0.206873693335373,0.368109734332772,0.437458569170364,0.456631482331345,0.151598592626587,0.308908265769211,0.463566365815104,0.535566773749426,0.000458926112895824
"31509742_JaneOliaro_CellRep_2019_B16F10_NK_Coculture-NK_SKCM","pass",19348,1,0.866867634850999,3.79372944299897e-54,0.847101014295954,1.2683397403191e-56,12395,0.640634690924127,0,0,6953,0.359365309075873,2.039315,3.583853,0.367479842877817,0.529046929915237,0.595462063262353,0.629625801116394,0.214647508786438,0.304630969609262,0.33843291296258,0.352284473847426,0.00377299979326029
"31564637_MarkADawson_CancerCell_2019_K562_HLA-B.High_Sorting_LCML","fail",20435,0,0,1,0.913196367554264,0.338891423456974,20426,0.999559579153413,0,0,9,0.000440420846586738,-0.00246376998256892,-0.000500964012462648,0.284462931245412,0.575238561291901,0.867237582578909,0.999559579153413,0.000146806948862246,0.000342549547345241,0.00039148519696599,0.000440420846586738,0.329606068020553
"31564637_MarkADawson_CancerCell_2019_K562_panMHCI.High_Sorting_LCML","fail",20433,0,0,1,0.958007017716465,0.755045668442875,20421,0.999412714726178,0,0,12,0.000587285273821759,-0.00245980120031163,-0.000494703465141354,0.284490774727157,0.575099104389957,0.867077766358342,0.999412714726178,0.000244702197425733,0.000391523515881173,0.000538344834336612,0.000587285273821759,0.000538344834336612
"31744829_KwokKinWong_CancerDiscov_2019_KP-koRag1_aPD1_Invivo_LUAD","pass",727,1,0.929690638070209,1.90686748858639e-11,0.881301354406601,7.78498414119129e-17,334,0.459422283356259,0,0,393,0.540577716643741,0.682996,0.9529706,0.213204951856946,0.348005502063274,0.426409903713893,0.452544704264099,0.275103163686382,0.43878954607978,0.504814305364512,0.535075653370014,0.327372764786795
"31744829_KwokKinWong_CancerDiscov_2019_KP-WT_aPD1_Invivo_LUAD","pass",727,1,0.933310513350703,2.37546262357947e-11,0.887815240938818,4.72727907731467e-16,347,0.477303988995873,0,0,380,0.522696011004127,0.875987,1.324374,0.218707015130674,0.356258596973865,0.441540577716644,0.470426409903714,0.279229711141678,0.425034387895461,0.491059147180193,0.514442916093535,0.031636863823934
"31801065_MeghanHoldorf_CellRep_2019_HepG2_HBsAb_Sorting_LIHC","pass",19000,1,0.963748856320558,1.14476868004824e-33,0.834713086291088,4.839846771929e-58,9467,0.498263157894737,0,0,9533,0.501736842105263,0.429593000000001,0.6673821,0.0802105263157895,0.242526315789474,0.439421052631579,0.486263157894737,0.177315789473684,0.393157894736842,0.471368421052632,0.491526315789474,0.000342105263157895
"31801065_MeghanHoldorf_CellRep_2019_HepG2.RG7834.Hi_HBsAb_Sorting_LIHC","pass",19000,1,0.879397781125468,2.05102184137071e-52,0.944087113554926,6.25057488325938e-40,7256,0.381894736842105,0,0,11744,0.618105263157895,0.600363000000001,0.8260615,0.171263157894737,0.307894736842105,0.361210526315789,0.375105263157895,0.185578947368421,0.424894736842105,0.578526315789474,0.609210526315789,0.000421052631578947
"31801065_MeghanHoldorf_CellRep_2019_HepG2.RG7834.Lo_HBsAb_Sorting_LIHC","pass",19000,1,0.930943105541965,3.48447980252554e-43,0.93573025441093,4.61488057968555e-42,9688,0.509894736842105,0,0,9312,0.490105263157895,0.546692500000001,0.752161,0.100631578947368,0.311157894736842,0.459684210526316,0.495421052631579,0.0693684210526316,0.262526315789474,0.434315789473684,0.475736842105263,0.000947368421052632
"31827283_HongboChi_Nature_2019_OT-I_B16F10_Invivo_CD8T","pass",3018,1,0.718980083248877,2.5216131731318e-41,0.693347630403958,5.09688741069755e-49,1236,0.409542743538767,0,0,1782,0.590457256461233,0.807877500000001,1.129486,0.309476474486415,0.357852882703777,0.388336646785951,0.404572564612326,0.306163021868787,0.502650762094102,0.57455268389662,0.587143803843605,0.0632869449966866
"31827283_HongboChi_Nature_2019_OT-I.koRegnase-1_B16F10_Invivo_CD8T","pass",20345,1,0.711783285121409,1.08712217920947e-68,0.890867913893219,1.08256456802369e-50,10286,0.505578766281642,0,0,10059,0.494421233718358,1.88628,2.90731200000001,0.370852789383141,0.459572376505284,0.479380683214549,0.491226345539445,0.251658884246744,0.40260506266896,0.464438436962399,0.484984025559105,0.0117227820103219
"31830245_SatuMustjoki_Blood_2019_NALM6_CART.Birinapant_Coculture-T_BCL","pass",21706,1,0.8859554744114,1.90214545254914e-51,0.898923699272551,2.16750613558199e-49,11117,0.512162535704414,0,0,10589,0.487837464295586,1.230975,1.811545,0.267253294020087,0.419008569059246,0.48147977517737,0.503363125403114,0.229567861420805,0.38910900211923,0.459826776006634,0.480235879480328,0.0999262876623975
"31830245_SatuMustjoki_Blood_2019_NALM6_CART_Coculture-T_BCL","pass",21708,1,0.848862613769013,2.05435270417418e-56,0.875720714167975,6.14493771589689e-53,10981,0.505850377740925,0,0,10727,0.494149622259075,0.605880500000001,0.9214323,0.274276764326516,0.427169707020453,0.481850009213193,0.497374239911553,0.246314722682882,0.403814262023217,0.466510042380689,0.485857748295559,0.150290215588723
"31882897_ChristopherDaly_SciRep_2019_Jeko-1_CD3.bispecificAb_Coculture-T_MCL","pass",18949,1,0.909869468666178,1.77280401909559e-47,0.821393110055901,1.8021423665006e-59,9517,0.50224286242018,0,0,9432,0.49775713757982,0.289388000000001,0.4809368,0.235579713969075,0.399018417858462,0.470262282970078,0.492796453638714,0.294316322761096,0.428254789170933,0.473956409309198,0.48941896670009,0.0100796875824582
"31882897_ChristopherDaly_SciRep_2019_Jeko-1_Essentiality_Essentiality_MCL","pass",18948,1,0.883342657725684,7.73507419245163e-52,0.903734476110244,1.42733806841184e-48,9506,0.501688832594469,0,0,9442,0.498311167405531,0.311558,0.4276365,0.26541059742453,0.413658433607769,0.47176483006122,0.492347477306312,0.216962212370699,0.378826261346844,0.464481739497572,0.492030821194849,0.000686088241503061
"31919360_NirHacohen_NatCommun_2020_A549_IAV.HA_Sorting_NSCLC","pass",19452,1,0.900119243518012,3.43828093557055e-49,0.891200304424514,1.22056585792337e-50,9563,0.491620398930701,0,0,9889,0.508379601069299,1.343,2.028292,0.233909109603126,0.392041949413942,0.463037219823154,0.483497840838988,0.2550894509562,0.413170882171499,0.479436561793132,0.499485914044828,0.000385564466378779
"32156810_MichaelSDiamond_mBio_2020_BV2_Bst2.High_L1_Sorting_Microglial","pass",19718,1,0,1,0.96340531558237,8.47884532205895e-34,10058,0.510092301450451,0,0,9660,0.489907698549549,3.733195,4.86130499999999,0.14392940460493,0.293843188964398,0.441576224769246,0.510092301450451,0.142154376711634,0.320113601785171,0.444466984481185,0.482554011563039,0.000456435743990263
"32156810_MichaelSDiamond_mBio_2020_BV2_Bst2.High_L5_Sorting_Microglial","pass",19743,1,0,1,0.915511779455742,2.04281676852938e-46,9915,0.502203312566479,0,0,9828,0.497796687433521,2.32007,3.361886,0.141670465481436,0.289115129412956,0.434888314845768,0.502203312566479,0.205895760522717,0.382312718431849,0.466393152003242,0.489287342349187,0.00172212936230563
"32499641_DeyuFang_Nature_2020_Treg_Foxp3_Sorting_T-cell","pass",493,1,0.552596368148249,3.5681049879138e-25,0.836833689779934,4.91050554451521e-15,257,0.521298174442191,0,0,236,0.478701825557809,0.16194,0.2619648,0.405679513184584,0.490872210953347,0.50709939148073,0.517241379310345,0.275862068965517,0.39553752535497,0.45841784989858,0.472616632860041,0.0101419878296146
"32968282_JasonMoffat_Nature_2020_4T1-HA_CL4_A_Coculture-T_BRCA","pass",19465,1,0.62819729468679,7.10966032674055e-74,0.853097458932053,6.6777202578064e-56,9748,0.500796301053172,0,0,9717,0.499203698946828,0.19666,0.3082864,0.386077575134857,0.460262008733624,0.481890572823016,0.490675571538659,0.262882096069869,0.421525815566401,0.478705368610326,0.491446185461084,0.000976110968404829
"32968282_JasonMoffat_Nature_2020_4T1-HA_CL4_B_Coculture-T_BRCA","pass",19464,1,0.6855129921419,1.91481753600815e-70,0.831623681315738,2.2131358919607e-58,9742,0.500513769009453,0,0,9722,0.499486230990547,0.211068,0.3302133,0.381576243321003,0.454788327168105,0.47852445540485,0.489519112207152,0.262690094533498,0.423808055898068,0.477805178791615,0.492087957254418,0.000770653514180025
"32968282_JasonMoffat_Nature_2020_4T1-HA_CL4_C_Coculture-T_BRCA","pass",19466,1,0.659772207035311,4.79304331713814e-72,0.823088494192038,2.70776471448006e-59,9675,0.497020445905682,0,0,9791,0.502979554094318,0.18589,0.297955999999999,0.384413849789376,0.455460803452173,0.476163567245454,0.486489263330936,0.272783314497072,0.429004417959519,0.482174047056406,0.495633412103154,0.0011044898797904
"32968282_JasonMoffat_Nature_2020_B16-OVA_OT-I_A_Coculture-T_SKCM","pass",19466,1,0.680200834621732,8.76374109889819e-71,0.79675386184704,6.81109535381388e-62,9519,0.489006472824412,0,0,9947,0.510993527175588,0.10709,0.1647635,0.340080139730813,0.444621391143532,0.473903215863557,0.481711702455564,0.268776327956437,0.431983972053837,0.488595499845885,0.504572074386109,0.00647282441179492
"32968282_JasonMoffat_Nature_2020_B16-OVA_OT-I_B_Coculture-T_SKCM","pass",19466,1,0.684936218478036,1.75807304784435e-70,0.769459077884217,2.64906823778604e-64,9649,0.49568478372547,0,0,9817,0.50431521627453,0.1090325,0.174178999999999,0.348967430391452,0.453868283160382,0.479554094318299,0.488235898489674,0.283417240316449,0.439484228911949,0.487259837665673,0.498253364841262,0.0128429055789582
"32968282_JasonMoffat_Nature_2020_B16-OVA_OT-I_C_Coculture-T_SKCM","pass",19465,1,0.627375491541645,6.39813487138851e-74,0.781486238115334,2.84218847683638e-63,9614,0.493912150012844,0,0,9851,0.506087849987156,0.109776,0.1646636,0.348677112766504,0.452042126894426,0.478191625995376,0.486925250449525,0.262419727716414,0.42758797842281,0.484356537374775,0.500025687130747,0.011148214744413
"32968282_JasonMoffat_Nature_2020_CT26-HA_CL4_A_Coculture-T_COAD","pass",19466,1,0.500313551033308,3.89863526261785e-80,0.464871353653046,1.26584173692512e-81,9633,0.494862837768417,0,0,9833,0.505137162231583,0.0830185,0.1761845,0.422120620569198,0.471129148258502,0.482841878146512,0.487311209287989,0.396434809411281,0.480478783519984,0.494349121545258,0.498972567553683,0.00323641220589746
"32968282_JasonMoffat_Nature_2020_CT26-HA_CL4_B_Coculture-T_COAD","pass",19465,1,0.483269852902647,7.31316071532e-81,0.543621917908811,3.45700804946291e-78,9566,0.491446185461084,0,0,9899,0.508553814538916,0.0835218,0.1860664,0.42594400205497,0.469098381710763,0.478756742871821,0.48358592345235,0.394194708451066,0.480657590547136,0.496686360133573,0.501412792191112,0.00292833290521449
"32968282_JasonMoffat_Nature_2020_CT26-HA_CL4_C_Coculture-T_COAD","pass",19466,1,0.456307941257938,5.69542178969491e-82,0.535229400752185,1.40982755837392e-78,9577,0.49198602691873,0,0,9889,0.50801397308127,0.087427,0.207691999999999,0.422069248946882,0.470255830679133,0.481352101099353,0.485307716017672,0.406760505496764,0.482019932189459,0.495787526970102,0.500924689201685,0.00205486489263331
"32968282_JasonMoffat_Nature_2020_EMT6-HA_CL4_A_Coculture-T_BRCA","pass",19465,1,0.485833060753769,9.37727217596657e-81,0.657956658856439,3.72910777101544e-72,9744,0.500590804007192,0,0,9721,0.499409195992808,0.109468,0.2148124,0.433701515540714,0.477472386334446,0.48769586437195,0.492627793475469,0.366247110197791,0.466478294374518,0.487336244541485,0.492987413305934,0.00310814282044696
"32968282_JasonMoffat_Nature_2020_EMT6-HA_CL4_B_Coculture-T_BRCA","pass",19464,1,0.50088325013276,4.12642388545785e-80,0.598152867377398,1.70329807280141e-75,9811,0.504058775174681,0,0,9653,0.495941224825319,0.0995714000000002,0.1978248,0.439786272092067,0.481247431154953,0.491420057542129,0.496095355528155,0.360203452527744,0.462392108508015,0.483096999588985,0.489056720098644,0.00377620221948212
"32968282_JasonMoffat_Nature_2020_EMT6-HA_CL4_C_Coculture-T_BRCA","pass",19465,1,0.528042587720938,6.61266247554983e-79,0.713379792859062,1.4034973379268e-68,9718,0.499255073208323,0,0,9747,0.500744926791677,0.106354,0.1984012,0.425892627793475,0.472951451322887,0.484562034420755,0.490213203185204,0.342306704341125,0.459542769072695,0.48625738505009,0.493244284613409,0.00251733881325456
"32968282_JasonMoffat_Nature_2020_MC38-OVA_OT-I_A_Coculture-T_COAD","pass",19466,1,0.870879202106293,1.31387563119754e-53,0.939648301607392,4.30453746237858e-41,9903,0.508733175793692,0,0,9563,0.491266824206308,0.31718,0.441602999999999,0.2998047878352,0.423969998972568,0.475649851022295,0.501592520291791,0.197010171581219,0.364687146820097,0.456642350765437,0.483869310592829,0.0112503852871674
"32968282_JasonMoffat_Nature_2020_MC38-OVA_OT-I_B_Coculture-T_COAD","pass",19466,1,0.762717072007034,7.33043991307493e-65,0.920160649209719,1.69581829057747e-45,9943,0.510788040686325,0,0,9523,0.489211959313675,0.23747,0.341733999999999,0.352820302065139,0.45340593855954,0.483150107880407,0.498201993218946,0.212370286653653,0.381023322716531,0.457978012945649,0.481711702455564,0.0103256960854824
"32968282_JasonMoffat_Nature_2020_MC38-OVA_OT-I_C_Coculture-T_COAD","pass",19466,1,0.772877111639046,5.14349278662133e-64,0.870333448910654,1.10751109013394e-53,9769,0.50184937840337,0,0,9697,0.49815062159663,0.23416,0.340125999999999,0.347066680365766,0.440563032980582,0.473440871262715,0.491934655296414,0.225418678721874,0.394277201274016,0.469022911743553,0.490342135004623,0.00873317579369156
"32968282_JasonMoffat_Nature_2020_Renca-HA_CL4_A_Coculture-T_KIRC","pass",19464,1,0.491683359735211,1.66058753524869e-80,0.598569587979924,1.79079832935544e-75,9817,0.504367036580353,0,0,9647,0.495632963419647,0.0859313000000001,0.1854006,0.427609946568023,0.481298808055898,0.491831072749692,0.496557747636663,0.361436498150432,0.461826962597616,0.482069461570078,0.488645704891081,0.00246609124537608
"32968282_JasonMoffat_Nature_2020_Renca-HA_CL4_B_Coculture-T_KIRC","pass",19466,1,0.482950029677049,7.09031401619894e-81,0.6295102882728,8.41775661777491e-74,9805,0.50369875680674,0,0,9661,0.49630124319326,0.099628,0.2239705,0.434501181547313,0.481043871365458,0.491266824206308,0.496558101304839,0.381177437583479,0.464142607623549,0.482174047056406,0.48828727011199,0.00357032775095038
"32968282_JasonMoffat_Nature_2020_Renca-HA_CL4_C_Coculture-T_KIRC","pass",19464,1,0.489928279955881,1.39813481177299e-80,0.626295206789547,5.57166861401794e-74,9871,0.507141389231402,0,0,9593,0.492858610768598,0.0982757500000002,0.223582999999999,0.421650226058364,0.482583230579531,0.494502671598849,0.499126592683929,0.366060419235512,0.459566378956021,0.477702424989725,0.484278668310728,0.00346794081381011
"33271120_JonathanWYewdell_Immunity_2021_BJAB_MHCI_r1_Sorting_DLBCL","pass",19362,1,0.764453399625849,1.01749367596985e-64,0.828658963996718,1.05627555827663e-58,10330,0.533519264538787,0,0,9032,0.466480735461213,4.12216,7.012139,0.37991942981097,0.466893915917777,0.508263609131288,0.5234996384671,0.301053610164239,0.397686189443239,0.440811899597149,0.458165478772854,0.000464828013634955
"33271120_JonathanWYewdell_Immunity_2021_BJAB_MHCI_r2_Sorting_DLBCL","pass",19362,1,0.748944594629714,5.83219867351079e-66,0.818094260686131,8.23631089945267e-60,10148,0.524119409151947,0,0,9214,0.475880590848053,3.804325,6.498792,0.365974589401921,0.4680818097304,0.501032951141411,0.514771201322177,0.311538064249561,0.405123437661399,0.450366697655201,0.46622249767586,0.000309885342423303
"33271120_JonathanWYewdell_Immunity_2021_HBL1_MHCI_r1_Sorting_DLBCL","pass",19362,1,0.759887646107648,4.31477864330837e-65,0.857359188748867,2.25121106699526e-55,10063,0.51972936680095,0,0,9299,0.48027063319905,4.11326,6.491929,0.355438487759529,0.461057741968805,0.494318768722239,0.509658093172193,0.295682264228902,0.39964879661192,0.452432599938023,0.472575147195538,0.00087800847019936
"33271120_JonathanWYewdell_Immunity_2021_HBL1_MHCI_r2_Sorting_DLBCL","pass",19362,1,0.753734930633731,1.38759348593068e-65,0.865171038176686,2.26444640655804e-54,9933,0.513015184381779,0,0,9429,0.486984815618221,4.27599,6.848218,0.355335192645388,0.458320421444066,0.489463898357608,0.503666976552009,0.291188926763764,0.402747650036153,0.458836897014771,0.479237682057639,0.000413180456564405
"33271120_JonathanWYewdell_Immunity_2021_SUDHL5_MHCI_r1_Sorting_DLBCL","pass",19362,1,0.758744322102564,3.4881971800318e-65,0.940903705275594,9.02391011991427e-41,11114,0.574010949282099,0,0,8248,0.425989050717901,6.313195,8.009,0.399442206383638,0.498760458630307,0.544468546637744,0.562545191612437,0.165427125296973,0.332816857762628,0.385342423303378,0.423819853320938,0.000568123127776056
"33271120_JonathanWYewdell_Immunity_2021_SUDHL5_MHCI_r2_Sorting_DLBCL","pass",19362,1,0.789719838564519,1.53866324795046e-62,0.842359765740547,3.54317425248229e-57,10383,0.536256585063526,0,0,8979,0.463743414936474,4.37772,7.320156,0.376872223943807,0.464414833178391,0.511000929656027,0.526082016320628,0.290001032951141,0.390713769238715,0.437093275488069,0.455221568019833,0.000361532899493854
"33271120_JonathanWYewdell_Immunity_2021_TMD8_MHCI_r1_Sorting_DLBCL","pass",19362,1,0.821385859356726,1.79901965603213e-59,0.885331627780965,1.53204573983684e-51,9542,0.492820989567193,0,0,9820,0.507179010432807,3.940735,5.898614,0.315256688358641,0.425007747133561,0.464931308749096,0.483679371965706,0.284113211445099,0.412509038322487,0.474382811693007,0.499948352442929,0.00100712736287574
"33271120_JonathanWYewdell_Immunity_2021_TMD8_MHCI_r2_Sorting_DLBCL","pass",19362,1,0.829725407500059,1.3765352717667e-58,0.858200012537852,2.87141717700784e-55,9338,0.482284887924801,0,0,10024,0.517715112075199,3.114475,4.999034,0.286798884412767,0.41560789174672,0.456151224047103,0.472213614296044,0.308232620597046,0.433323003821919,0.488689185001549,0.507592190889371,0.00043900423509968
"33497609_RobertTManguso_Immunity_2021_Renca_aPD1+aCTLA4_Invivo_KIRC","pass",2616,1,0.588793207932717,3.22062506663947e-47,0.909218190096851,7.88894778344846e-28,1245,0.475917431192661,0,0,1371,0.524082568807339,0.09062825,0.134913,0.396788990825688,0.439220183486239,0.45565749235474,0.464067278287462,0.242354740061162,0.419724770642202,0.490061162079511,0.514525993883792,0.011085626911315
"33589424_XShirleyLiu_CancerDiscov_2021_B16F10_M1.negScreen.MHCI.high_Sorting_SKCM","fail",18739,1,0,1,0.939542976459373,8.07099306560198e-27,16889,0.901275414910081,0,0,1850,0.0987245850899194,0.753279000000003,1.63277399999999,0.255403169859651,0.518597577245317,0.781418432146859,0.901275414910081,0.0367148727253322,0.0736965686536101,0.0909333475639042,0.0970169165910668,0.00581674582421687
"33589424_XShirleyLiu_CancerDiscov_2021_B16F10_M1.negScreen.MHCI.high+PDL1.high_Sorting_SKCM","fail",18739,1,0,1,0.920919986252666,2.73062029533974e-31,16721,0.892310155291104,0,0,2018,0.107689844708896,0.795963000000001,1.711918,0.252468114627248,0.513527936389348,0.773573829980255,0.892310155291104,0.0451998505790063,0.08244836971023,0.100912535354074,0.106088905491222,0.00149420993649608
"33589424_XShirleyLiu_CancerDiscov_2021_B16F10_M1.negScreen.PDL1.high_Sorting_SKCM","pass",18739,1,0,1,0.922864022013902,6.08345673180917e-45,9491,0.506483803831581,0,0,9248,0.493516196168419,1.08646,1.58463199999999,0.143390789263034,0.292278136506751,0.438870804205134,0.506483803831581,0.217781098244303,0.383104754789476,0.460483483643738,0.484284113346497,0.00565665190244944
"33589424_XShirleyLiu_CancerDiscov_2021_B16F10_M1.posScreen.MHCI.low_Sorting_SKCM","fail",18739,1,0,1,0.954931428831661,9.59094929216197e-37,246,0.0131277015849298,0,0,18493,0.98687229841507,0.0473941535374615,0.049483223303454,0.00394898340359678,0.0085383424942633,0.0121137734137361,0.0128608783819841,0.279417258124767,0.567052670900261,0.855328459362826,0.98687229841507,0.0018677624206201
"33589424_XShirleyLiu_CancerDiscov_2021_B16F10_M1.posScreen.MHCI.low+PDL1.low_Sorting_SKCM","fail",18739,1,0,1,0.954375651127421,6.37470137268316e-37,675,0.0360211323976733,0,0,18064,0.963978867602327,0.0473338872927707,0.049479558179155,0.0167564971449917,0.0302043865734564,0.0341000053364641,0.0354341213511927,0.27231976092641,0.553604781471797,0.835370083782486,0.963978867602327,0.00389561876300763
"33589424_XShirleyLiu_CancerDiscov_2021_B16F10_M1.posScreen.PDL1.low_Sorting_SKCM","fail",18739,1,0,1,0.954893737879976,9.32773131877699e-37,818,0.0436522760019211,0,0,17921,0.956347723998079,0.0473057938867714,0.049479558179155,0.018677624206201,0.033352900368216,0.041037408613053,0.0431719942366188,0.269758258178131,0.549175516302898,0.828646139068253,0.956347723998079,0.0011740220929612
"33589424_XShirleyLiu_CancerDiscov_2021_B16F10_M2.negScreen.MHCI.high_Sorting_SKCM","fail",18737,1,0,1,0.957518631470614,2.31539076244541e-15,17849,0.952607140951059,0,0,888,0.0473928590489406,-0.000120751755312085,1.712232,0.268719645620964,0.546779100176122,0.825372258098949,0.952607140951059,0.0163846933874153,0.0335165714895661,0.0429631210972941,0.0467524150077387,0.0044831082884133
"33589424_XShirleyLiu_CancerDiscov_2021_B16F10_M2.negScreen.MHCI.high+PDL1.high_Sorting_SKCM","fail",18737,1,0,1,0.923574288330869,7.91483838465278e-24,17575,0.937983668676949,0,0,1162,0.0620163313230506,0.332496,1.558492,0.26525057373112,0.5394139937023,0.812883599295512,0.937983668676949,0.0255643913113092,0.0465389336606714,0.0575865933714042,0.0612157762715483,0.0017078507765384
"33589424_XShirleyLiu_CancerDiscov_2021_B16F10_M2.negScreen.PDL1.high_Sorting_SKCM","pass",18737,1,0,1,0.956813573542093,3.94306800261335e-36,9723,0.518919784383839,0,0,9014,0.481080215616161,1.67544,2.319476,0.146501574424935,0.299354218925121,0.449538346586967,0.518919784383839,0.166782302396328,0.336926936008966,0.440305278326306,0.471953888029033,0.00160111010300475
"33589424_XShirleyLiu_CancerDiscov_2021_B16F10_M2.posScreen.MHCI.low_Sorting_SKCM","fail",18737,1,0,1,0.954158412023445,5.43982367689547e-37,422,0.0225222821156001,0,0,18315,0.9774777178844,0.0473773559043184,0.0494832478947938,0.00752521748412232,0.015850990019747,0.021027912686129,0.0220953194214655,0.276671825799221,0.561509313123766,0.847254096173347,0.9774777178844,0.101136788173133
"33589424_XShirleyLiu_CancerDiscov_2021_B16F10_M2.posScreen.MHCI.low+PDL1.low_Sorting_SKCM","fail",18737,1,0,1,0.954860086067752,9.0989731743947e-37,2360,0.125953994769707,0,0,16377,0.874046005230293,0.0470434116735123,0.0494119644765742,0.0608421839141805,0.104819341410044,0.120296739072424,0.124246143993169,0.248225436302503,0.503549127394994,0.758232374446283,0.874046005230293,0.0006404440412019
"33589424_XShirleyLiu_CancerDiscov_2021_B16F10_M2.posScreen.PDL1.low_Sorting_SKCM","fail",18737,1,0,1,0.955131726628735,1.11229997973965e-36,1320,0.070448844532209,0,0,17417,0.929551155467791,0.047201181310229,0.0494610562846065,0.0281795378128836,0.0538506697977264,0.065858995570262,0.0691679564498052,0.263222500933981,0.534930885413887,0.805625233495223,0.929551155467791,0.000933980893419437
"TBD_XShirleyLiu_TBD_2021_B16F10_M1.negScreen.MHCII.high_Sorting_SKCM","pass",18739,1,0,1,0.92598115631502,2.77873410051621e-44,9403,0.501787715459736,0,0,9336,0.498212284540264,0.952558000000001,1.34271,0.142270131810662,0.289930092320828,0.434921820801537,0.501787715459736,0.213885479481296,0.380596616681787,0.463845456000854,0.490687870217194,0.198303004429265
"TBD_XShirleyLiu_TBD_2021_B16F10_M1.negScreen.MHCII.high+PDL1.high_Sorting_SKCM","fail",18739,1,0,1,0.925991863625454,2.75645520666511e-30,16744,0.893537542024655,0,0,1995,0.106462457975346,0.795725000000003,1.72351,0.253055125673729,0.514328405998186,0.774587758151449,0.893537542024655,0.046533966593735,0.0823416404290517,0.0995250546987566,0.104541330914136,0.382517743742996
"TBD_XShirleyLiu_TBD_2021_B16F10_M1.negScreen.PDL1.high_Sorting_SKCM","pass",18739,1,0,1,0.895668818266384,6.31169698904794e-50,9509,0.507444367362186,0,0,9230,0.492555632637814,1.16035,1.721658,0.143764341747158,0.292865147553231,0.439831367735738,0.507444367362186,0.220876247398474,0.387587384598965,0.461337317893164,0.484444207268264,0.289236351993169
"TBD_XShirleyLiu_TBD_2021_B16F10_M1.posScreen.MHCII.low_Sorting_SKCM","pass",18739,1,0,1,0.95479917146135,8.6993875344494e-37,9322,0.497465179572016,0,0,9417,0.502534820427984,0.0445727223402355,0.0488838544709142,0.221569987726133,0.387000373552484,0.463685362079086,0.489247024921287,0.142376861091841,0.290143550883185,0.435562196488607,0.502534820427984,0.0747104968248039
"TBD_XShirleyLiu_TBD_2021_B16F10_M1.posScreen.MHCII.low+PDL1.low_Sorting_SKCM","fail",18739,1,0,1,0.955439749521016,1.39843905958246e-36,56,0.00298841987299216,0,0,18683,0.997011580127008,0.0474246936454438,0.049484657139983,0.000587011046480602,0.00213458562356583,0.00288169059181386,0.00288169059181386,0.282512407278937,0.57340306313037,0.86445381290357,0.997011580127008,0.000800469608837184
"TBD_XShirleyLiu_TBD_2021_B16F10_M1.posScreen.PDL1.low_Sorting_SKCM","pass",18739,1,0,1,0.954133461905864,5.34184257851806e-37,9209,0.491434975185442,0,0,9530,0.508565024814558,0.0446213304146659,0.0488862424716353,0.199637120443994,0.374352953732857,0.458295533379583,0.482523080207055,0.143924435668926,0.293398793959123,0.440845295906932,0.508565024814558,0.0773787288542612
"TBD_XShirleyLiu_TBD_2021_B16F10_M2.negScreen.MHCII.high_Sorting_SKCM","pass",18737,1,0,1,0.915065505012672,1.67565916577049e-46,9398,0.501574424934621,0,0,9339,0.498425575065379,0.660886,0.973210799999999,0.142231947483589,0.289854298980627,0.434808133639323,0.501574424934621,0.225970005870737,0.391418049847895,0.46613652132145,0.490206543203288,0.058867481453808
"TBD_XShirleyLiu_TBD_2021_B16F10_M2.negScreen.MHCII.high+PDL1.high_Sorting_SKCM","fail",18737,1,0,1,0.988429752879075,7.84999644183314e-20,9982,0.532742701606447,0,0,8755,0.467257298393553,2.99142,3.660536,0.150344238672146,0.306932806746011,0.461226450338902,0.532742701606447,0.0964935688744196,0.246677696536265,0.398089341943748,0.459145007204995,0.372524950632439
"TBD_XShirleyLiu_TBD_2021_B16F10_M2.negScreen.PDL1.high_Sorting_SKCM","pass",18737,1,0,1,0.943745750373303,5.05794845889677e-40,9781,0.522015263916315,0,0,8956,0.477984736083685,1.4618,2.0558,0.147462240486737,0.300848588354592,0.452046752415008,0.522015263916315,0.182206329721941,0.349842557506538,0.442653573144047,0.469979185568661,0.176122111330522
"TBD_XShirleyLiu_TBD_2021_B16F10_M2.posScreen.MHCII.low_Sorting_SKCM","pass",18738,1,0,1,0.954618869895128,7.61871377004883e-37,9282,0.495357028498239,0,0,9456,0.504642971501761,0.0445914476818871,0.0488839087676024,0.24581065215071,0.404792400469634,0.467712669441776,0.48735190521934,0.142758031807023,0.291173017397801,0.437293200981962,0.504642971501761,0.224943964137048
"TBD_XShirleyLiu_TBD_2021_B16F10_M2.posScreen.MHCII.low+PDL1.low_Sorting_SKCM","fail",18737,1,0,1,0.955625322543597,1.60622095273437e-36,63,0.00336233121630997,0,0,18674,0.99663766878369,0.0474246966210194,0.0494846883206628,0.0010674067353365,0.00197470246037252,0.00304210919570902,0.00330896087954315,0.282329081496504,0.573090676202167,0.86417249292843,0.99663766878369,0.303356994182633
"TBD_XShirleyLiu_TBD_2021_B16F10_M2.posScreen.PDL1.low_Sorting_SKCM","fail",18737,1,0,1,0.955795173431906,1.82408595861818e-36,21,0.00112077707210332,0,0,18716,0.998879222927897,0.0474286310072057,0.0494846883206628,0.00032022202060095,0.000587073704435075,0.00096066606180285,0.00112077707210332,0.28323637722154,0.574691786305172,0.86620056572557,0.998879222927897,0.0006404440412019
